GRAND_ID,NIDID,RES_NAME,DAM_NAME,RIVER,DAM_HGT_M,DAM_LEN_M,AREA_SKM,CAP_MCM,DIS_AVG_LS,MAIN_USE,NEAR_X,NEAR_Y,QAQC,COMID
119,NA,Clear Lake Reservoir,Clear Lake Dike,Lost River,4,580,91.5,737,1145,Irrigation,-121.078,41.925,0,2556483
116,NA,Applegate Reservoir,Applegate Dam,Applegate River,74,366,2.21,110.2,11932,Irrigation,-123.1154122,42.05578834,0,23936035
0,OR00437,NA,FERRY CREEK,FERRY CREEK,20,47,0.01,0,2549,Water supply,-124.2628047,42.06519606,4,23950335
0,OR00049,NA,DREWS RESERVOIR,DREWS CREEK,18,183,19.24,80.2,82119,Irrigation,-120.6180448,42.122049,1,7916281
0,OR00559,NA,JOHN C BOYLE,KLAMATH RIVER,21,211,1.7,4.2,891979,Hydroelectricity,-122.0470856,42.12253041,1,359333
0,OR00591,NA,KEENE CREEK,KEENE CREEK,20,170,0.06,0.5,0,Hydroelectricity,-122.449622,42.1111122,4,359307
422,NA,Greaser Lake,Greaser Lake,Twenty Mile Creek,3,154,1,24.7,82,Irrigation,-119.785,42.145,0,24043039
0,OR00110,NA,HOSLER (REEDER GULCH,"ASHLAND CRK, BEAR CRK, ROGUE R",35,166,0.08,1.1,40606,Hydroelectricity,-122.7181503,42.1563351,1,23930878
114,NA,Emigrant Lake,Emigrant,Emigrant Creek,62,580,2.21,48.1,1839,Irrigation,-122.6061765,42.15948147,0,23930902
113,NA,Hyatt,Hyatt Dam,Keene Creek,16,580,3.02,20,324,Irrigation,-122.467,42.172,0,359303
112,NA,Gerber,Gerber,Miller Creek,27,579,13.21,116.3,1341,Irrigation,-121.126,42.201,0,2553671
111,NA,Howard Prairie Lake,Howard Prairie,Jenny Creek,30,580,6.39,74.7,1173,Irrigation,-122.378,42.217,0,359351
110,NA,Upper Klamath Lake,Link River Diversion,Klamath River,7,579,276.63,646,54854,Hydroelectricity,-121.811,42.239,0,24091906
0,OR00535,NA,COTTONWOOD - LAKE COMPANY,COTTONWOOD CREEK & TRIB,18,238,1.21,14.1,79287,Irrigation,-120.5091742,42.24307421,1,7917413
0,OR00395,NA,LAKE CREEK DAM,LAKE CREEK,23,463,0.21,1.7,47855,Irrigation,-122.6254729,42.4095468,4,23925008
0,OR00222,NA,YANKEE RESERVOIR (GARDENER RESERVOIR),YANKEE CREEK,17,296,0.18,1.4,40153,Irrigation,-122.7433737,42.4103296,4,23923028
0,OR00422,NA,AGATE,"DRY CREEK, ANTELOPE CR.& OTHER",23,1158,0.87,7,99958,Irrigation,-122.7505281,42.42290446,4,23924068
0,OR00401,NA,OSBORNE CREEK DAM,OSBORNE CREEK,18,223,0.14,1,48846,Irrigation,-122.6409687,42.4303282,4,23924972
0,OR00204,NA,GARDENER RESERVOIR,"LONG BRANCH, SOUTH FORK",20,244,0.03,0.2,7532,Irrigation,-122.5859864,42.42482246,4,23924946
417,NA,Hart Lake,Hart Lake,NA,6,3048,28.66,64.3,4167,Irrigation,-119.822,42.44,0,24044739
108,NA,Four Mile Lake,Four Mile Lake Dam,NA,17,488,2.7,40.7,378,Irrigation,-122.245,42.457,0,24092222
0,OR00212,NA,WILLOW CREEK DAM (JACKSON),WILLOW & FOUR BIT CREEKS,16,792,1.3,14.8,131220,Water supply,-122.4484948,42.47945237,1,947100109
107,NA,Lost Creek Lake,William L. Jess,Rogue River,105,1097,11.34,616.7,34323,Flood control,-122.6719515,42.67275359,0,23923436
0,OR00715,NA,NORTH FORK DIVERSION DAM,NORTH FORK ROGUE RIVER,15,46,0.01,0.4,7787,Hydroelectricity,-122.4927328,42.81433593,2,23924532
106,NA,Galesville Reservoir,Galesville Reservoir,Cow Creek,51,290,1.53,52.1,3601,Recreation,-123.1767963,42.84758739,0,23901301
0,OR00683,NA,CANYONVILLE RESERVOIR,WEST FORK CANYON CREEK,18,94,0.07,0.4,107122,Water supply,-123.2701714,42.91350687,4,23901415
0,OR00181,NA,KERN BROTHERS DAM (HARNEY),DRY KRUMBO CREEK,16,91,0.44,3.3,38228,Irrigation,-118.7833796,42.91793276,1,24013837
105,NA,Thompson Valley Reservoir,Thompson Valley Reservoir,Silver Creek,15,88,8.06,37.6,289,Irrigation,-121.0878146,42.95856211,0,24026324
104,NA,Ben Irving Reservoir,Berry Creek Dam,Berry Creek,45,250,0.76,18.5,1471,Water supply,-123.5576818,43.04462542,0,23901001
0,OR00134,NA,RINK CREEK RESERVOIR,RINK & WALKER CREEKS,17,183,0.04,0.3,5380,Water supply,-124.1629988,43.19242553,4,23915103
0,OR00370,NA,HEMLOCK MEADOWS DAM,HEMLOCK CREEK,19,161,0.31,1.4,5097,Other,-122.7040027,43.1497526,4,23895844
0,OR00320,NA,PARIS RESERVOIR,NA,16,152,0.02,0.2,3398,Hydroelectricity,-123.0781008,43.272576,4,23894872
0,OR00554,NA,TOKETEE,NORTH UMPQUA,18,416,0.39,1.3,792870,Hydroelectricity,-122.4196557,43.26390243,1,23894352
0,OR00555,NA,SODA SPRINGS,NORTH UMPQUA RIVER,38,104,0.13,0.6,495544,Hydroelectricity,-122.4939268,43.30224501,1,23894294
0,OR00132,NA,CROWLEY RESERVOIR,BIG CROWLEY CREEK,27,67,0.27,4.6,11893,Irrigation,-117.9270138,43.31285816,1,24543299
103,NA,NA,Lemolo 1,North Umpqua River,37,270,1.44,14.5,11594,Hydroelectricity,-122.1925159,43.32135717,0,23894458
0,OR00200,NA,PONY CREEK - UPPER,PONY CREEK,23,116,1.1,2.1,48139,Water supply,-124.2855859,43.3934128,4,23910515
0,OR00463,NA,COOPER CREEK RESERVOIR,COOPER CREEK,26,440,0.57,6.4,31148,Recreation,-123.3218434,43.3778686,4,23894858
0,OR00531,NA,ALDER CREEK,ALDER CREEK,17,204,0.09,1,16282,Irrigation,-118.4661123,43.3620544,4,23414223
102,NA,Crescent Lake,Crescent Lake,Crescent Creek,12,579,15.11,107.2,3963,Irrigation,-121.9723278,43.49977014,0,23706312
0,OR00361,NA,STAR MOUNTAIN RESERVOIR,NO. FORK GRANITE CREEK,20,87,0.1,1.8,11893,Irrigation,-118.0780141,43.53147625,1,23414483
388,NA,Warm Springs,Warm Springs,Malheur River,32,579,12.91,235.6,10274,Irrigation,-118.2091132,43.58692856,0,23413307
0,OR00194,NA,MURPHY DAM,BENDIRE CREEK,30,104,0,0,0,Irrigation,-118.0908624,43.596374,4,23416221
0,OR00614,NA,BEAR CREEK RESERVOIR SITE 3,BEAR CREEK,17,183,0.08,0.6,77871,Water supply,-123.3496559,43.6257764,4,24528428
0,OR00517,NA,STINKING WATER CREEK,STINKING WATER CREEK,22,82,0.26,3,28317,Irrigation,-118.4369648,43.65168135,1,23417889
101,NA,Wickiup Reservoir,Wickiup Reservoir,Deschutes River,32,4317,37.84,267,25326,Irrigation,-121.6905911,43.6839744,0,23700493
100,NA,Hills Creek Lake,Hills Creek,Middle Fork of Willamette River,104,681,7.39,439.1,32820,Flood control,-122.4211904,43.70871428,0,23751946
99,NA,Cottage Grove Lake,Cottage Grove,Coast Fork of Willamette River,31,643,2.54,61.7,7558,Flood control,-123.0547661,43.71235321,0,23759312
98,NA,Crane Prairie,Crane Prairie,Deschutes River,11,579,18.28,68.2,14724,Irrigation,-121.7937457,43.76046039,0,23700619
97,NA,Dorena Lake,Dorena,Row River,47,1006,4.16,161.6,21781,Flood control,-122.9544593,43.78660024,0,23759588
96,NA,Tahkenitch Lake,Tahkenitch Lake,Tahkenitch Creek,4,40,6.37,20.5,3958,Other,-124.147271,43.80609059,0,23893305
95,NA,Siltcoos Lake,Siltcoos Lake,Siltcoos River,4,40,11.96,18.6,7945,Other,-124.1128449,43.88152983,0,23893341
383,NA,Beulah,Agency Valley,North Fork of Malheur River,34,581,5.83,73.9,3645,Irrigation,-118.1562038,43.91048204,0,23412937
94,NA,Lookout Point Lake,Lookout Point,Middle Fork of Willamette River,84,968,11.45,589.2,87502,Flood control,-122.7502264,43.91417265,0,23751852
93,NA,Dexter Lake,Dexter,Middle Fork of Willamette River,36,843,3.43,36.9,88172,Hydroelectricity,-122.8050035,43.92233631,0,23751844
0,OR00006,NA,DEXTER,MIDDLE FORK WILLAMETTE RIVER,20,843,4.15,36.9,7645536,Flood control,-122.8123027,43.9251295,1,23751840
0,OR00435,NA,COTTONWOOD (DREWSEY),COTTONWOOD CREEK,22,102,0.45,5.6,41059,Irrigation,-118.3007498,43.92762153,1,23413377
92,NA,Fall Creek Lake,Fall Creek,Fall Creek,62,1539,3.29,154.2,17550,Flood control,-122.7545971,43.94346713,0,23752600
0,OR00689,NA,BEAR CREEK (CROOK),BEAR CREEK,19,107,0.12,0.8,15688,Irrigation,-120.4638377,43.98611733,1,24515570
0,OR00322,NA,VAUGHN RESERVOIR (MALHEUR),SOUTH FORK INDIAN CREEK,20,50,0.15,1,19114,Irrigation,-117.9136089,44.00293571,1,24150789
0,OR00193,NA,N. FK. INDIAN CREEK RESERVOIR,NORTH FORK INDIAN CREEK,16,101,0.13,0.9,50970,Irrigation,-117.9076775,44.0520546,4,24150775
0,OR00452,NA,MAINLINE 1,MAURY CREEK,17,140,0.08,0.6,17302,Irrigation,-120.2086137,44.1159162,4,24516146
91,NA,Prineville Reservoir,Arthur R. Bowman,Crooked River,75,580,8.47,188.5,12392,Irrigation,-120.7846983,44.11181686,0,24515510
90,NA,Fern Ridge Lake,Fern Ridge,Long Tom River,15,2015,26.69,149.3,23230,Flood control,-123.2994688,44.11647668,0,23763141
89,NA,South Fork Mckenzie River,Cougar,South Fork of Mckenzie River,158,488,2.83,270.1,19525,Hydroelectricity,-122.2411503,44.12570873,0,23773013
88,NA,Blue River Lake,Blue River Dam,Blue River,95,381,2.39,109.8,10300,Flood control,-122.3280086,44.17369818,0,23774119
0,OR00239,NA,POLE CREEK,POLE & BLACKS CREEK,18,146,0.65,2.7,0,Irrigation,-117.5512998,44.25192171,1,24154728
0,OR00540,NA,TRAIL BRIDGE,MCKENZIE RIVER,27,213,0.3,2.8,821187,Hydroelectricity,-122.0501288,44.27322478,1,23773361
87,NA,Ochoco,Ochoco,Ochoco Creek,41,580,3,57.4,2355,Irrigation,-120.7224488,44.29769624,0,23713984
86,NA,Smith Reservoir,Smith,McKenzie River,76,335,0.59,21.6,2349,Hydroelectricity,-122.0461983,44.30760705,0,23773391
376,NA,Malheur 3,Willow Creek Reservoir 3,Willow Creek,34,201,2.67,60.4,3509,Irrigation,-117.6745593,44.3539111,0,24154562
0,OR00313,NA,ALLEN CREEK,ALLEN CREEK,24,259,0.32,2.7,21238,Irrigation,-120.1941191,44.35074153,4,24516272
0,OR00248,NA,FISHER-JOE RESERVOIR,LYTLE CREEK,16,204,0.14,0.9,18944,Irrigation,-120.851676,44.36214553,4,23714230
85,NA,Foster Lake,Foster,South Santiam River,38,1463,3.15,75.2,62517,Hydroelectricity,-122.6680999,44.41619644,0,23785769
84,NA,Suttle Lake,Suttle Lake,Blue Lake Creek,2,24,1,21.8,1890,Fisheries,-121.7314411,44.4237949,0,23700241
83,NA,Green Peter Lake,Green Peter,Middle Santiam River,115,462,11.04,530.4,36600,Flood control,-122.5469445,44.45121455,0,23785925
372,NA,Unity,Unity,Burnt River,25,579,3.27,31.1,5885,Irrigation,-118.182789,44.50345722,0,24200223
0,OR00348,NA,NORTH FORK DAM (BENTON),NORTH FORK ROCK CREEK,25,177,0.02,0.4,46723,Water supply,-123.4932583,44.56934213,4,23763939
0,OR00472,NA,MILL CREEK DAM (TOLEDO),MILL CREEK,21,81,0.06,0.3,56634,Water supply,-123.9110613,44.5927898,4,23882072
82,NA,Billy Chinook Lake,Round Butte,Deschutes,134,442,15.21,659.9,139455,Hydroelectricity,-121.2816967,44.60185467,0,23700101
0,OR00473,NA,BIG CREEK RESERVOIR #2 (UPPER),BIG CREEK,17,131,0.12,1.5,56634,Water supply,-124.0436092,44.62746753,4,23881880
367,NA,Phillips Lake,Mason,Powder River,53,580,5.33,90.7,4104,Irrigation,-117.9996519,44.67238028,0,24208367
0,OR00470,NA,OLALLA DAM,WEST OLLALLA CREEK,25,107,0.26,5.3,10052,Other,-123.9303554,44.7128672,4,23881890
81,NA,Simtustus Lake,Pelton,Deschutes,62,237,1.61,39.2,143762,Hydroelectricity,-121.2310728,44.69273618,0,23719683
80,NA,Detroit Lake,Detroit,North Santiam River,141,482,8.45,561.2,52032,Hydroelectricity,-122.247811,44.71948362,0,23780525
0,OR00003,NA,BIG CLIFF,NORTH SANTIAM RIVER,40,85,0.57,7.3,4983757,Hydroelectricity,-122.2853858,44.75201349,1,23780513
0,OR00177,NA,LOFTON DAM,ROWE CREEK,18,261,0.07,0.5,50970,Irrigation,-120.1763485,44.80403644,1,23686426
0,OR00374,NA,GOODRICH RESERVOIR,GOODRICH CREEK,20,110,0.09,0.7,2832,Water supply,-118.1092444,44.75265913,4,24208759
0,OR00696,NA,CURRANT CREEK,CURRANT CREEK,25,111,0.16,1.3,56634,Irrigation,-120.528392,44.82340583,1,23685862
0,OR00524,NA,MERCER RESERVOIR,RICKREALL CREEK,24,140,0.21,1.9,246356,Water supply,-123.4710378,44.90279156,1,23791127
0,OR00406,NA,BALM CREEK RESERVOIR,BALM CREEK - BALM CREEK & UNION SP,20,140,0.45,4.4,11327,Irrigation,-117.4910008,44.96986492,1,24207919
0,OR00622,NA,SILVER CREEK DAM,SILVER CREEK,20,152,0.26,3.1,453069,Water supply,-122.7460897,44.9822739,1,23800694
361,NA,Thief Valley,Thief Valley,Powder River,22,579,2.7,21.5,16916,Irrigation,-117.7829134,45.01345658,0,24208611
360,NA,None,Wolf Creek Reservoir,Wolf Creek,39,488,0.63,14.8,552,Irrigation,-118.0202771,45.05274745,0,24208055
0,OR00546,NA,HARRIET LAKE,OAK GROVE RIVER,21,57,0.09,0.5,317148,Hydroelectricity,-121.9686351,45.07426879,1,23809426
79,NA,Timothy Lake,Timothy Lake,Oak Grove,30,226,5.47,85.1,4415,Hydroelectricity,-121.8043711,45.11487629,0,23809452
0,OR03827,NA,VAN CONKLIN DAM #6,NA,15,0,0,0,0,Other,-121.324469,45.15098964,4,23720867
78,NA,Clear Lake,Wasco,Clear Creek,18,579,1.9,14.7,785,Irrigation,-121.6909825,45.17546267,0,23719067
0,OR00147,NA,ROCK CREEK DAM (WASCO),"ROCK, NORTH FORK GATE, & THREEMILE",16,238,0.43,1.9,25598,Irrigation,-121.3970067,45.19493853,4,23718935
0,OR00480,NA,PINE HOLLOW RESERVOIR,BADGER CREEK & PINE HOLLOW CREEK,20,244,0.95,6.5,30016,Irrigation,-121.2852662,45.26068853,4,23720621
77,NA,North Fork,North Fork,Clackamas,63,206,0.85,23,71109,Hydroelectricity,-122.2781531,45.24374416,0,23809100
0,OR00551,NA,FARADAY DIVERSION,CLACKAMAS RIVER,17,124,0.28,1.5,5012074,Hydroelectricity,-122.3034257,45.24663113,2,23809092
0,OR00552,NA,RIVER MILL,CLACKAMAS RIVER,26,285,0.61,0,4247520,Hydroelectricity,-122.3480599,45.29687034,1,23809086
0,OR00514,NA,MCGUIRE RESERVOIR,NESTUCCA RIVER,34,98,0.53,6.2,23220,Water supply,-123.4133841,45.310171,4,23875731
0,OR00115,NA,HASKINS CREEK DAM,HASKINS CREEK; TRIB/YAMHILL RIVER,26,85,0.09,0,59465,Water supply,-123.3243098,45.2964096,4,23796573
430,NA,Wild Horse Reservoir,Wild Horse Dam,East Fork of Owyhee River,27,140,10.04,117.5,1229,Recreation,-115.8337493,41.68478633,0,23320108
0,NV00208,NA,ROUND MOUNTAIN RESERVOIR,SPRING CREEK,17,414,0.22,1.4,26901,Irrigation,-116.2515286,41.72559872,4,23334626
0,NV00042,NA,DRY CREEK DAM,DRY CREEK,15,371,0.45,2.4,31658,Irrigation,-116.2536866,41.78026127,1,23334332
0,ID00175,NA,GLENDALE,WORM CREEK,22,198,0.84,0,0,Unknown,-111.8131955,42.12757885,1,4559892
0,ID00076,NA,WINDER,MINK CREEK,17,262,0.39,0,0,Irrigation,-111.8728953,42.16349147,4,4559590
0,ID00236,NA,SQUAW CREEK,SQUAW CREEK,19,259,0.29,0,21804,Irrigation,-116.1292095,42.2089934,4,23316160
0,ID00233,NA,OAKLEY,GOOSE CREEK,44,326,5.46,0,35113,Irrigation,-113.9165391,42.19617272,1,23184743
0,ID00034,NA,CROWTHER,SPRING CREEK,27,259,0.13,0,3002,Irrigation,-112.2639873,42.19936887,4,4603042
7309,NA,Salmon Creek Falls Reservoir,Salmon Falls Dam,Salmon Falls Creek,66,137,12.16,284.5,16442,Water supply,-114.7327548,42.21043024,0,23196316
0,ID00005,NA,DEEP CREEK,DEEP CREEK,28,305,0.73,0,23645,Unknown,-112.1716876,42.21115775,1,4603090
0,ID00045,NA,CEDAR CREEK,CEDAR CREEK,27,122,4.25,0,6654,Irrigation,-114.8796827,42.2242397,1,23195972
0,ID00195,NA,BYBEE,SHOOFLY CREEK,18,186,1.62,0,121196,Irrigation,-116.2676626,42.24967549,1,23316416
0,ID00047,NA,WILLIAMS,NORTH COTTONWOOD CREEK,16,126,0.19,0,22087,Irrigation,-114.3877276,42.2341464,4,24491062
418,NA,NA,Oneida,Bear River,31,139,1.36,14.1,24880,Hydroelectricity,-111.749,42.276,0,4561024
0,ID00229,NA,DEVIL CREEK,DEVIL CREEK,26,406,0.57,0,96560,Irrigation,-112.2068429,42.2944885,1,4602146
0,ID00006,NA,DANIELS,LITTLE MALAD RIVER,29,236,1.52,0,269010,Irrigation,-112.4432716,42.34526281,1,4602862
0,ID00062,NA,MONTPELIER CREEK,MONTPELIER CREEK,25,256,0.49,0,83365,Flood control,-111.1747156,42.34922805,1,4472445
0,ID00223,NA,MILNER DAM-MIDDLE,SNAKE RIVER,24,123,16.19,48.1,3308818,Hydroelectricity,-114.0076565,42.52501871,1,23162729
0,ID00223,NA,MILNER S EMBANKMENT,SNAKE,20,122,16.19,48.1,0,Hydroelectricity,-114.0363448,42.52734469,1,24491294
0,ID00059,NA,GRACE MAIN,BEAR RIVER,16,55,0.18,1.4,353960,Hydroelectricity,-111.7282131,42.58733667,1,4556948
414,NA,Alexander,Soda,Bear River,29,150,4.1,19.4,22499,Hydroelectricity,-111.693,42.644,0,4469009
413,NA,Lake Walcott,Minidoka,Snake River,26,583,30.52,117.4,272162,Irrigation,-113.4838723,42.66550166,0,23162807
0,ID00444,NA,SMOKY CANYON NO 1,ROBERTS CREEK,24,1113,0.34,0,0,Tailings,-111.0751349,42.72206487,1,23134215
0,ID00457,NA,SMOKY CANYON NO 2,TYGEE CREEK,33,488,1.98,0,0,Tailings,-111.0730981,42.72669287,1,23134211
0,ID83073,NA,UPPER SALMON FALLS B-PLANT FOREBAY,SNAKE RIVER,21,97,0.02,0.1,184059,Hydroelectricity,-114.9072761,42.76688344,1,24494352
0,ID83074,NA,UPPER SALMON FALLS A-PLANT & FOREBAY,SNAKE RIVER,26,94,0,0,169901,Hydroelectricity,-114.9242089,42.76861518,1,24490788
411,NA,American Falls,American Falls,Snake River,32,583,199.28,2061.5,251532,Irrigation,-112.8736806,42.77905291,0,24557503
408,NA,NA,Lower Salmon,Snake River,34,366,2.65,13.4,379220,Hydroelectricity,-114.9059578,42.83917924,0,24490764
0,ID00180,NA,PORTNEUF,PORTNEUF RIVER,17,450,6.45,0,13082,Unknown,-111.9423065,42.8767106,1,23156162
406,NA,Antelope Reservoir,Antelope Dam,Antelope Creek,18,259,1.37,67.8,321,Irrigation,-117.2346328,42.90698051,0,23360173
0,ID00053,NA,BLISS,SNAKE RIVER,43,187,1.03,10.4,2831680,Hydroelectricity,-115.0686029,42.91304833,1,24490674
405,NA,NA,C.J. Strike,Snake River,35,981,25.16,304.7,459401,Hydroelectricity,-115.9728831,42.94696696,0,23275952
402,NA,Blackfoot River Reservoir,Blackfoot,Blackfoot River,13,93,66.68,505.7,7157,Irrigation,-111.7131183,43.00544368,0,24479199
0,ID00365,NA,DELAMAR MTIS,UNNAMED STREAM,96,754,0.69,0,0,Tailings,-116.8434721,43.02399549,4,23361821
0,ID00372,NA,HULET,SINKER CREEK,30,457,0.51,0,29449,Unknown,-116.5450773,43.09244051,1,23300574
0,ID00375,NA,TEXAS BASIN,SUCCOR CREEK,37,116,0.77,0,177830,Irrigation,-116.9719972,43.18047838,1,23300128
0,ID00455,NA,HULET NO 2 DAM,UNNAMED STREAM,17,732,1.4,0,0,Irrigation,-116.4192121,43.18724782,1,23304264
0,ID00049,NA,SWAN FALLS,SNAKE RIVER,27,351,6.17,0,2976435,Hydroelectricity,-116.3792625,43.24281439,1,23300532
0,ID00460,NA,MACKS CREEK,MACKS CREEK,18,366,0.11,0,22087,Unknown,-116.7552409,43.24078273,4,23300392
397,NA,NA,Magic Dam,Big Wood River,39,945,12.45,240.5,20639,Hydroelectricity,-114.3641804,43.25584529,0,947040096
0,ID00103,NA,LONG TOM,LONG TOM CREEK,18,137,0.64,0,12743,Irrigation,-115.5788913,43.28625285,1,23275852
396,NA,Palisades,Palisades,Snake River,82,581,59.63,1480.2,103326,Irrigation,-111.2025151,43.33040866,0,24438940
395,NA,Little Camas Reservoir,Little Camas Dam,Little Camas Creek,13,596,3.42,29.7,529,Irrigation,-115.388931,43.35046611,0,23386395
394,NA,Anderson Ranch,Anderson Ranch,South Fork of Boise River,139,580,15.92,521.8,10257,Irrigation,-115.4467967,43.35905144,0,23387319
0,ID00183,NA,FISH CREEK,FISH CREEK,28,526,1.09,0,20388,Irrigation,-113.8323362,43.42272042,1,23267426
392,NA,Little Wood River,Little Wood River,Little Wood River,52,582,1.83,37,4133,Irrigation,-114.0282871,43.42654609,0,23267042
0,ID00208,NA,BLACKS CREEK,BLACKS CREEK,16,518,0.89,0,33980,Unknown,-116.1446344,43.4639226,1,23399511
391,NA,Lucky Peak Lake,Lucky Peak,Boise River,104,713,5.75,378.7,29634,Flood control,-116.0521873,43.52507741,0,23382135
0,ID00281,NA,BOISE RIVER DIVERSION,BOISE RIVER  SNAKE RIVER,17,122,0.32,1.2,1132672,Irrigation,-116.0933434,43.53787865,1,23398915
390,NA,Ririe,Ririe,Willow Creek,77,580,3.98,99.3,7790,Flood control,-111.7416714,43.58002903,0,23148390
389,NA,Lake Lowell,Deer Flat Upper,Offstream Boise River,23,582,27.75,208.5,508,Irrigation,-116.7331786,43.5865176,0,947050161
387,NA,Arrowrock,Arrowrock,Boise River,107,580,8.81,353.4,23205,Irrigation,-115.9213406,43.5937549,0,23382151
386,NA,Lake Owyhee,Owyhee,Owyhee River,127,580,40.49,881.9,32208,Irrigation,-117.2382918,43.64068597,0,24540985
0,ID00479,NA,CRANE GULCH EAST DAM,UNNAMED STREAM,18,96,0.01,0,53802,Flood control,-116.1715424,43.61948453,4,23399377
0,ID00480,NA,STUART GULCH MAIN FORK,STEWART CREEK,23,174,0.02,0.1,4757,Flood control,-116.212501,43.70004573,4,23398941
0,ID00491,NA,AIKMAN,WILLOW CREEK,23,206,0.29,0,23361,Irrigation,-116.3828726,43.81675346,1,23398971
384,NA,Jackson Lake,Jackson Lake,Snake River,21,1500,106.11,1076.8,23618,Irrigation,-110.5911173,43.8577691,0,23123437
0,ID00282,NA,BLACK CANYON DIVERSION,PAYETTE RIVER,56,317,4.45,36.8,1106054,Hydroelectricity,-116.4366409,43.93013834,1,24166358
0,ID00181,NA,MACKAY,BIG LOST RIVER,23,436,5.63,0,198218,Unknown,-113.6744804,43.95157433,1,23238442
382,NA,Bully Creek,Bully Creek,Bully Creek,37,582,2.4,37,6287,Irrigation,-117.3989519,44.01480553,0,24150401
0,ID00324,NA,DRY CREEK MAIN,DRY CREEK,21,174,0.65,0,0,Irrigation,-116.5662682,44.07678153,1,24167548
380,NA,NA,Ashton,Henrys Fork,18,69,1.42,12.1,30985,Hydroelectricity,-111.4965667,44.0792076,0,23141671
378,NA,Grassy Lake,Grassy Lake,Grassy Creek,36,580,1.07,18.7,99,Irrigation,-110.8176226,44.12893713,0,23143773
377,NA,Deadwood,Deadwood,Deadwood River,50,579,10.85,199.8,3797,Irrigation,-115.6466539,44.29393346,0,24158993
0,ID00450,NA,PAT HUGHES CREEK,PAT HUGHES CREEK,24,97,0.01,0,991,Other,-114.5502655,44.2905954,4,23481727
0,ID00449,NA,BUCKSKIN CREEK,BUCKSKIN CREEK,22,66,0.01,0,1472,Other,-114.5822802,44.307353,4,23481639
0,ID00425,NA,THOMPSON SRD,BRUNO CREEK,23,110,0.02,0,1841,Water supply,-114.4776073,44.30751296,4,23484481
0,ID00135,NA,CRANE CREEK MAIN DAM,CRANE CREEK,20,102,12.14,0,122612,Unknown,-116.6171662,44.35687151,1,24183938
375,NA,Mann Creek,Mann Creek,Mann Creek,45,580,0.65,13.7,1422,Irrigation,-116.8978995,44.39391216,0,24184746
374,NA,Island Park,Island Park,Henrys Fork,29,587,29.04,157,14223,Irrigation,-111.3963191,44.42011152,0,24460018
0,ID00463,NA,GROUSE CREEK SOUTH,UNNAMED STREAM,91,427,0.55,0,0,Tailings,-114.7330001,44.42063973,4,23480971
0,ID00495,NA,GROUSE CREEK NORTH,UNNAMED STREAM,34,305,0.55,0,0,Tailings,-114.7271712,44.4300158,4,23480969
0,ID00216,NA,FAIRCHILD NO. 1 (UPPER),UNNAMED STREAM,24,244,0.45,0,396,Irrigation,-116.9215798,44.4606094,4,24186446
0,ID00128,NA,HORSETHIEF,HORSETHIEF CREEK,16,67,0.75,0,8778,Unknown,-115.9323567,44.507666,4,24178387
0,ID00136,NA,C BEN ROSS,UNNAMED STREAM,19,384,1.43,0,5352,Unknown,-116.4331773,44.54074993,4,24184144
370,NA,Lake Cascade,Cascade,North Fork of Payette River,33,580,94.78,805.5,24798,Irrigation,-116.0532747,44.52386883,0,24177561
0,ID00139,NA,MOSQUITO FLAT,CHALLIS CREEK,18,137,0.19,0,123461,Irrigation,-114.40901,44.53957373,1,23478355
0,ID00329,NA,TOM J,BEAVER CREEK,17,244,0.49,0,7079,Irrigation,-116.0148878,44.52003193,4,24177581
0,ID00213,NA,JEMIMA K,BEAVER CREEK,22,792,0.47,0,7362,Irrigation,-116.0148878,44.52003193,4,24178833
365,NA,Brownlee,Brownlee,Snake River,126,421,43.61,1751.6,793496,Hydroelectricity,-116.9022969,44.83565359,0,24192806
363,NA,Oxbow,Oxbow,Snake River,67,293,4.48,72,806597,Hydroelectricity,-116.8365114,44.96985315,0,24192774
0,ID00337,NA,BRUNDAGE,BRUNDAGE CREEK,19,280,1.09,0,10194,Irrigation,-116.1522872,45.0313778,4,23569167
0,ID00713,NA,BLACKBIRD MTIS,BLACKBIRD CREEK,30,244,0.05,0,61108,Tailings,-114.270427,45.0685274,4,23505044
0,OR00250,NA,HELLS CANYON DAM,SNAKE RIVER,98,305,9.76,246.7,5946528,Pond,-116.7009083,45.24276485,1,24192562
76,NA,Lake Oswego,Lake Oswego,Offstream Tualatin River,10,37,1.3,12.1,675,Hydroelectricity,-122.6706673,45.41100645,0,23815534
0,OR00430,NA,PEARSON RESERVOIR,"CHRISTENSEN CREEK, TRIB TO",20,125,0.01,0.1,3540,Irrigation,-122.9907087,45.4407,4,23805902
0,OR00317,NA,SPILLWAY DAM,BULL RUN,55,137,1.69,30.8,2067126,Hydroelectricity,-122.1559671,45.44638713,2,23736011
75,NA,Barney Reservoir,Trask River Dam,North Fork of Trask River,50,762,1.26,24.7,732,Water supply,-123.3957545,45.44705293,0,23875897
74,NA,Bull Run Reservoir,Bull Run Reservoir Dam 2,Bull Run River,44,274,1.19,30.8,12152,Water supply,-122.1473604,45.44797439,0,23736017
0,OR00317,NA,DEVELOPMENT NO. 2 DAM,BULL RUN RIVER,44,274,1.69,30.8,1953859,Hydroelectricity,-122.1488365,45.44820922,1,23736013
73,NA,Bull Run Lake,Bull Run Lake Dam,Bull Run River,17,46,1.66,17.9,392,Water supply,-121.8432658,45.45877089,0,23737773
0,OR00451,NA,CLEAR BRANCH,MIDDLE FORK HOOD RIVER,34,439,0.49,6.5,294495,Fisheries,-121.6459004,45.4629054,4,947070015
0,OR00464,NA,CROW CREEK RESERVOIR (WASCO),SOUTH FORK MILL CREEK,34,233,0.13,1.4,70792,Water supply,-121.4543146,45.4749514,1,24505182
72,NA,Scoggins Reservoir,Scoggins Reservoir,Scoggins Creek,46,823,4.04,74,4238,Irrigation,-123.2001079,45.47550574,0,23805110
0,OR00327,NA,DEVELOPMENT NO. 1 DAM,BULL RUN RIVER,61,296,1.56,41.6,594653,Hydroelectricity,-122.0821472,45.48164986,1,23736027
71,NA,Bull Run Reservoir,Bull Run Reservoir Dam 1,Bull Run River,61,296,1.28,41.6,8707,Water supply,-122.0806656,45.48451456,0,23737229
0,OR02466,NA,MT. HOOD COMMUNITY COLLEGE DAM,KELLY CREEK,18,141,0.01,0,37945,Irrigation,-122.3924074,45.51240542,4,23737127
350,NA,McKay,McKay,McKay Creek,50,581,2.53,83.6,2614,Irrigation,-118.7918793,45.60567652,0,23648274
0,OR00002,NA,THE DALLES LOCK AND DAM,COLUMBIA RIVER,35,2662,45.32,407,64845472,Navigation,-121.1360662,45.61180225,1,24504562
0,WA00454,NA,BONNEVILLE DAM,COLUMBIA RIVER,46,755,81.75,662.4,45306880,Hydroelectricity,-121.9407346,45.64449065,1,23736159
0,WA00131,NA,CAMP KWONEESUM DAM,WILDBOY CREEK TR-WASHOUGAL RVR,17,76,0.41,0.1,168060,Recreation,-122.2318302,45.658584,4,23736883
349,NA,Carty Reservoir,Carty Reservoir,Columbia River,25,2073,3.74,185,234,Irrigation,-119.8192151,45.69137172,0,24235618
0,OR00011,NA,JOHN DAY LOCK AND DAM,COLUMBIA RIVER,36,1798,222.58,3120.7,63712800,Navigation,-120.6861336,45.71880124,1,24232974
0,OR00453,NA,JUBILEE LAKE DAM,MOTTET CREEK,15,107,0.4,1.9,15574,Recreation,-117.9753226,45.7652322,4,23428398
346,NA,Cold Springs,Cold Springs,Offstream Cold Springs Wash,35,582,3.38,55,680,Irrigation,-119.1716003,45.86333846,0,23648768
0,WA00457,NA,MCNARY DAM,COLUMBIA RIVER,23,2245,153.78,1665.2,62296960,Flood control,-119.297996,45.93630624,1,24233056
7319,NA,NA,Merwin,Lewis River,95,381,14.61,520.5,93726,Hydroelectricity,-122.5558669,45.95775717,0,24241845
70,NA,NA,Yale,Lewis River,98,457,13.56,495.9,76467,Hydroelectricity,-122.3319621,45.96474934,0,24241907
69,NA,NA,Youngs River Reservoir,Youngs River,25,175,0.18,14.8,1941,Water supply,-123.3676178,46.03302321,0,23872967
0,WA00258,NA,SWIFT NO 2 HYDROELECTRIC PROJECT,LEWIS RIVER,32,5090,0.38,3.1,226534,Hydroelectricity,-122.2602091,46.05757197,1,24241943
68,NA,NA,Swift 1,Lewis,122,640,16.64,931.9,60691,Hydroelectricity,-122.1958997,46.06100463,0,24241951
0,OR00449,NA,BEAR CREEK (ASTORIA),BEAR CREEK,27,82,0.3,1,15008,Water supply,-123.6651265,46.1725492,4,23833605
0,WA00617,NA,ZINTEL CANYON DAM,ZINTEL CANYON,30,158,0,2.8,1101524,Flood control,-119.1835284,46.1744366,1,24416470
0,WA00772,NA,CASTLE LAKE DEBRIS DAM,NA,58,610,1.94,23.4,0,Other,-122.2629453,46.27331853,4,24248716
0,WA00522,NA,INDIAN CREEK DAM,INDIAN CREEK,18,213,0.14,1.3,42475,Water supply,-123.9308131,46.33235533,4,23864988
67,NA,NA,Mt. St. Helens Sediment Retention Structure,Toutle River,73,549,1.8,155.4,18074,Flood control,-122.5457206,46.35951738,0,24249794
0,WA00558,NA,SRS,NO. FORK TOUTLE,57,549,0,0,6456230,Flood control,-122.5497941,46.35412598,2,24248660
0,WA00740,NA,ROZA WW5 REREGULATION RESERVOIR,NA,21,1585,0,2,3540,Irrigation,-119.9858786,46.39902169,1,23102720
66,NA,NA,Cowlitz Falls Dam,Cowlitz River,43,244,1.13,18.5,137475,Hydroelectricity,-122.0999152,46.46551623,0,24249014
65,NA,NA,Mayfield,Cowlitz River,76,259,7.38,219.6,170801,Hydroelectricity,-122.5875709,46.50336781,0,24248950
64,NA,NA,Mossyrock,Cowlitz River,185,533,38.41,2078.4,150930,Hydroelectricity,-122.4230479,46.53395601,0,24248994
0,WA00088,NA,PRIEST RAPIDS,COLUMBIA RIVER,27,3079,30.68,235.6,39643520,Flood control,-119.9088916,46.64218432,1,947020558
63,NA,Rimrock,Tieton,Tieton River,97,580,8.22,244.2,9112,Irrigation,-121.1293876,46.65466279,0,24423307
335,NA,NA,Scooteney Reservoir Outlet Dam,Offstream Columbia River,6,24,0.31,18.8,384,Irrigation,-119.0269006,46.67212258,0,24416560
333,NA,Scooteney Reservoir,Scooteney North Dike,Offstream Columbia River,8,582,1.39,18.8,378,Irrigation,-119.0284779,46.70436651,0,24416552
0,WA82901,NA,FRENCH CANYON,NORTH FORK COWICHE,23,320,0.08,0.8,651286,Irrigation,-120.7962748,46.73056253,4,24423493
0,WA00253,NA,LA GRANDE,NISQUALLY RIVER,59,216,1.82,8.9,2491878,Hydroelectricity,-122.2958346,46.78252465,1,24282064
62,NA,NA,Skookumchuck,Skookumchuck River,49,408,1.91,74,5381,Hydroelectricity,-122.7169485,46.78403399,0,23850757
61,NA,NA,Alder,Nisqually River,101,453,10.03,297.5,34656,Hydroelectricity,-122.31118,46.80025313,0,24282042
0,WA00257,NA,ALDER,NISQUALLY RIVER,87,453,12.4,297.5,2265344,Hydroelectricity,-122.3045364,46.81911217,1,24282038
60,NA,Bumping Lake,Bumping Lake,Bumping River,19,582,4.79,41.6,4847,Irrigation,-121.3015474,46.86749634,0,24423025
0,WA00085,NA,WANAPUM,COLUMBIA RIVER,28,2633,59.04,981.9,39643520,Flood control,-119.9698729,46.8734544,1,23207652
329,NA,Potholes,O'Sullivan,Crab Creek,61,595,60.7,409.9,38165,Flood control,-119.2657065,46.9808384,0,24405961
0,WA00268,NA,OSULLIVAN,LOWER CRAB CREEK,61,5791,112.5,673.9,873573,Flood control,-119.2886301,46.99067783,2,24405963
0,WA00752,NA,P.E.C. HEADWORKS,NA,27,23,0,631.2,0,Hydroelectricity,-119.2581447,46.98587498,4,24407335
327,NA,Moses Lake,Moses Lake South,Crab Creek,6,579,23.34,61.7,24274,Irrigation,-119.32712,47.0847549,0,24406177
0,WA00178,NA,BUTTERWORTH DAM,EDEN CREEK,16,91,0.28,3,708,Irrigation,-122.6924874,47.10068293,1,24281956
59,NA,NA,Lake Tapps Dike 2-B,Lake Tapps,5,91,7.78,57.5,1150,Hydroelectricity,-122.17,47.19,0,23981669
0,WA00341,NA,MALINOWSKI DAM,WISHKAH RIVER,15,50,0.06,0.1,291663,Water supply,-123.7087674,47.21534233,1,23856995
0,WA00276,NA,EASTON DIVERSION,YAKIMA RIVER,20,76,1.11,6.2,424752,Irrigation,-121.1881706,47.24154958,1,24126089
58,NA,Cle Elum Lake,Cle Elum,Cle Elum River,50,580,16.67,539,18711,Irrigation,-121.0757257,47.24891363,0,24125831
57,NA,Kachess Lake,Kachess,Kachess River,35,580,16.94,302.2,5965,Irrigation,-121.2059304,47.26658733,0,24126103
56,NA,Howard Hanson Reservoir,Howard A. Hanson Dam,Green,72,152,1.59,168.6,24406,Flood control,-121.7840759,47.27778079,0,23977692
0,WA00079,NA,UPPER WHEELER DAM,ORR CREEK,17,274,0.13,1,70792,Irrigation,-120.2864416,47.31612953,4,23208580
55,NA,Keechelus Lake,Keechelus,Yakima River,39,584,9.2,194.9,5800,Irrigation,-121.3405972,47.32267394,0,24126169
0,WA00084,NA,ROCK ISLAND,COLUMBIA RIVER,22,947,12.63,161.6,26051456,Flood control,-120.0930028,47.34330587,1,23207778
0,WA00499,NA,ASAMERA-CANNON MINE TAILINGS DAM,DRY GULCH,104,320,10.12,4.1,93445,Tailings,-120.3213495,47.37296093,4,23209842
54,NA,NA,Wynoochee,Wynoochee River,53,518,3.03,93.7,7191,Water supply,-123.6043055,47.3856871,0,23856923
0,WA00146,NA,CUSHMAN NO 2,NORTH FORK SKOKOMISH RIVER (HO,53,140,0.61,10.9,1162405,Hydroelectricity,-123.2008007,47.39797719,1,24285510
53,NA,Youngs Lake,Youngs Lake Cascades Dam,Trib. Cedar River,5,434,2.65,15.2,661,Water supply,-122.1256147,47.40625464,0,23977828
52,NA,NA,Masonry Dam,Cedar River,69,299,6.78,215.9,10046,Hydroelectricity,-121.7518711,47.41204768,0,947110257
51,NA,Upper Cushman,Cushman 1,North Fork of Skokomish River,79,339,12.96,595.5,12999,Hydroelectricity,-123.2264811,47.42164855,0,24285520
323,NA,Billy Clapp Lake,Pinto,Offstream Crab Creek,40,581,3.5,26.1,1404,Irrigation,-119.2470329,47.44900712,0,23095866
0,WA00036,NA,LOWER RIMROCK DAM,MCCARTENEY CREEK,17,78,2.23,0.7,634296,Recreation,-119.7570859,47.49400918,1,23091117
0,WA00171,NA,CASAD DAM,UNION RIVER,41,122,0.16,5.5,14725,Water supply,-122.7844358,47.52652973,1,24287220
0,WA00086,NA,ROCKY REACH,COLUMBIA RIVER,36,1164,39.7,481.1,33980160,Flood control,-120.3103324,47.55227745,2,23207876
0,WA00261,NA,DRY FALLS,UPPER GRAND COULEE RIVER,19,2987,109.27,1572.7,0,Flood control,-119.3019171,47.61431142,1,23095890
50,NA,NA,Tolt Main Dam,South Fork of Tolt River,61,299,3.98,84.4,2714,Water supply,-121.6873179,47.69418912,0,23970767
0,WA00177,NA,TOLT RIVER - SOUTH FORK,SOUTH FORK TOLT RIVER,61,299,4.21,84.4,368118,Hydroelectricity,-121.8067081,47.70674967,1,23970777
0,WA00068,NA,NINE MILE,SPOKANE RIVER,18,142,1.78,0,1699008,Fisheries,-117.5444069,47.77498639,1,23021792
0,WA00653,NA,LITTLE FALLS SPILLWAY DAM,SPOKANE RIVER,17,206,17.2,5.2,1982176,Hydroelectricity,-117.9170404,47.83308765,1,23021750
313,NA,NA,Long Lake,Spokane River,70,181,18.83,129.6,224350,Hydroelectricity,-117.8377044,47.8342861,0,23021764
49,NA,Lake Chelan,Chelan Dam,Chelan River,12,149,127.7,834,50039,Hydroelectricity,-120.0239416,47.84073435,0,947020242
0,WA00081,NA,ANTILON LAKE DAM,TR-JOHNSON CREEK,20,91,0.48,3.6,10194,Irrigation,-120.150981,47.94063753,1,947020079
48,NA,NA,Chaplain Lake South Dam,Chaplain Creek,23,274,1.6,22,788,Water supply,-121.8327073,47.94787883,0,23963763
0,WA00098,NA,WELLS,COLUMBIA RIVER,49,1311,39.25,616.7,33413824,Fisheries,-119.8639959,47.95289115,1,23057596
310,NA,Franklin D. Roosevelt,Grand Coulee,Columbia River,168,584,269.2,6395.6,3166706,Irrigation,-118.9817997,47.95453846,0,23031212
47,NA,NA,Culmback,Sultan River,80,195,5.72,189,9627,Hydroelectricity,-121.6836725,47.97610002,0,23963711
0,WA00041,NA,PONDEROSA LAKE DAM,BEAVER CREEK,17,126,0.3,0.9,14158,Recreation,-117.4309817,48.12824293,4,23026908
302,NA,NA,Twin Lakes,Stranger Creek,5,72,7.01,23.4,218,Irrigation,-118.3785884,48.27680477,0,23033556
0,WA00181,NA,JUDY RESERVOIR DAM B,TR-SKAGIT RIVER,24,866,0.57,6.3,1557,Water supply,-122.1787602,48.48804245,4,24270720
294,NA,Spectacle Lake,Conconully,Salmon Creek,22,580,1.44,17.4,1444,Irrigation,-119.7486215,48.53746899,0,23065217
44,NA,NA,Lower Baker Dam,Baker,84,174,7.12,200.6,34312,Hydroelectricity,-121.7407298,48.55361645,0,25184464
0,WA00291,NA,SALMON LAKE,SALMON CREEK OS,16,381,1.25,21.3,11327,Irrigation,-119.7452022,48.55797461,1,23065225
43,NA,NA,West Pass Dike,Baker River,35,366,17.56,352.1,25088,Hydroelectricity,-121.6881224,48.6482537,0,24255915
0,WA00168,NA,GORGE,SKAGIT RIVER,91,204,0.98,12,4105936,Flood control,-121.2084487,48.69741561,1,24255187
42,NA,NA,Diablo,Skagit River,119,360,2.56,111,83329,Hydroelectricity,-121.1301803,48.71380544,0,24255205
41,NA,NA,Ross,Skagit River,165,396,34.98,1791.9,71572,Hydroelectricity,-121.0671432,48.73225835,0,24255291
40,NA,NA,Whatcom Lake Dam,Whatcom Creek,6,34,18.64,95,4125,Recreation,-122.4176097,48.76248159,0,24534414
0,WA00608,NA,VAN STONE TAILINGS DAM,OFFSTREAM,27,610,0.08,0.2,0,Tailings,-117.8063016,48.77693599,1,23031518
0,WA00443,NA,HORSE SPRING COULEE DAM,HORSE SPRINGS COULEE,20,198,0,8.6,0,Irrigation,-119.5537082,48.80648432,2,23066931
0,WA00040,NA,FANCHERS DAM,ANTOINE CREEK,18,137,0.11,0.7,9345,Irrigation,-119.261808,48.82847662,1,23065145
291,NA,Osoyoos Lake,Osoyoos Lake Control Dam,Okanogan River,12,79,22.54,67.8,34776,Recreation,-119.4288797,48.95198976,0,23065357
0,WA00097,NA,ENLOE DAM,SIMILKAMEEN RIVER,16,96,9.71,3,1302573,Hydroelectricity,-119.5020961,48.96568289,1,24120676
289,NA,NA,Waneta,Pend d'Oreille,76,290,1.66,37.6,850089,Unknown,-117.633,49,0,23031644
347,NA,Painted Rocks,West Fork Bitterroot,West Fork of Bitterroot River,44,244,1.36,55.6,5443,Irrigation,-114.2815854,45.71604219,0,24320370
0,MT00374,NA,BASIN CREEK DAM #1,BASIN CREEK,31,84,0.22,1.4,2832,Water supply,-112.5460785,45.85459585,1,24294112
0,MT01467,NA,MOULTON CREEK DAM #1,YANKEE DOODLE CREEK,20,152,0.12,1.1,38794,Water supply,-112.5020378,46.04482193,1,24297394
345,NA,Lake Como,Como,Rock Creek,26,777,3.06,47.5,1196,Irrigation,-114.2364754,46.06345994,0,24320048
344,NA,Flint Creek,East Fork Rock Creek Dam,East Fork of Rock Creek,27,328,1.23,24.5,360,Irrigation,-113.3807565,46.12956763,0,24310157
343,NA,NA,Opportunity Tailings Ponds,Offstream Silver Bow Creek,11,6096,1.91,11.4,4151,Other,-112.7787859,46.16121827,0,24293882
342,NA,NA,Silver Lake East Dam,Trib. Storm Lake Creek,3,308,0.89,22.1,20,Irrigation,-113.2316372,46.16532608,0,24297042
0,ID00149,NA,SOLDIERS MEADOW,WEBB CREEK,21,163,0.49,3.9,199350,Irrigation,-116.7545328,46.11100613,4,23606014
0,MT03974,NA,WEST DAM,NA,30,0,0,0,0,Unknown,-113.181284,46.1719414,1,24297008
341,NA,Georgetown Lake,Flint Creek Dam,Flint Creek,14,101,10.35,61.7,653,Water supply,-113.2768063,46.20863059,0,24310405
0,MT00763,NA,FRED BURR RESERVOIR DAM,FRED BURR CREEK,15,99,0.11,0.9,53802,Irrigation,-114.3042952,46.388109,4,24319776
0,ID00261,NA,RESERVOIR A,LINDSAY CREEK,19,671,0.56,4.5,0,Irrigation,-116.8276585,46.34929599,4,23612056
338,NA,Dworshak Reservoir,Dworshak Dam,North Fork of Clearwater River,219,1002,51.94,4391.2,140388,Flood control,-116.2957873,46.51415702,0,23630078
0,MT03853,NA,DOUGLAS CREEK TAILINGS DAM,OFFSTREAM,18,0,0,0.3,0,Tailings,-113.2178634,46.53320659,4,24311091
0,MT01155,NA,LOWER WILLOW CREEK DAM,LOWER WILLOW CREEK,26,296,0.7,7.7,209544,Flood control,-113.3140325,46.55947122,1,24310279
331,NA,NA,Nevada Creek Dam,Nevada Creek,32,330,1.26,21.3,2111,Irrigation,-112.8088154,46.80141612,0,22912402
0,MT01365,NA,MIKE HORSE MINE,BEARTRAP CREEK,15,137,0,0.4,991,Water supply,-112.3591843,47.03490493,1,22916376
325,NA,St. Mary's Lake,Tabor,Dry Creek,19,163,0.54,28.7,247,Irrigation,-113.9317018,47.26374785,0,24356237
324,NA,Ninepipe Reservoir,Ninepipe,Trib. Dublin Gulch,16,853,4.2,18.7,839,Irrigation,-114.138,47.455,0,24359325
0,ID06020,NA,GALENA MILL NO 3 LOWER,LAKE CREEK,20,0,0.02,0,0,Tailings,-115.9575725,47.49194262,4,23002330
0,ID00293,NA,OSBURN,COEUR D ALENE RIVER,20,975,0.09,2.2,0,Tailings,-115.9784738,47.50175426,1,23002172
321,NA,Lower Crow Reservoir,Crow,Crow Creek,30,274,0.92,12.8,6278,Irrigation,-114.2275238,47.50224973,0,24356415
0,ID00295,NA,SUNSHINE NO 2,BIG CREEK,16,975,0.12,0,0,Tailings,-116.0560128,47.52450978,1,23002136
0,MT00224,NA,THOMPSON FALLS - MAIN CHANNEL DAM,"CLARK FORK RIVER, PEND OREILLE",15,310,6.39,30.2,4955440,Hydroelectricity,-115.3507686,47.59046758,1,22976326
318,NA,Pablo Reservoir,Pablo,Offstream Pablo Canal,13,3216,3.06,36.5,134,Irrigation,-114.1449941,47.63998387,0,24356529
316,NA,Flathead Lake,Kerr,Flathead River,59,206,486.65,2209.2,315773,Hydroelectricity,-114.2323902,47.67606664,0,24356643
315,NA,Coeur d'Alene Lake,Post Falls Middle Channel,Spokane River,18,66,125.54,277.5,165261,Hydroelectricity,-116.9509258,47.70546246,0,23015050
314,NA,NA,Newman Lake Flood Control Dam,Thompson Creek,4,2560,4.49,13.9,1042,Recreation,-117.087,47.77,0,23015118
312,NA,Hubbert Reservoir,Hubbart,Little Bitterroot River,40,153,1.56,19.5,3243,Irrigation,-114.73535,47.93126353,0,24356945
309,NA,NA,Noxon Rapids,Clark Fork of Pend Oreille River,55,1780,23.07,493.4,658332,Hydroelectricity,-115.7322752,47.96033667,0,22976094
0,ID00222,NA,CABINET GORGE,CLARK FORK,51,183,12.96,129,7362368,Fisheries,-116.0633408,48.08639877,1,22975982
0,MT03759,NA,LITTLE BLUE DAM,BLUE CREEK,29,91,0,3,0,Other,-116.0277412,48.09199257,1,22977432
305,NA,Pend Oreille Lake,Albeni Falls,Pend Oreille River,55,322,360.27,1424.7,765940,Hydroelectricity,-116.9977011,48.17861105,0,22995169
304,NA,NA,Ashley,Ashley Creek,3,6,10.96,34,1346,Irrigation,-114.6197317,48.18136683,0,24338884
303,NA,NA,Davis Lake Dam,Deer Creek,3,64,0.55,15.6,608,Recreation,-117.2911515,48.23036956,0,22996943
0,WA00010,NA,POWER LAKE DAM,NORTH FORK CALISPELL CREEK,17,46,0.25,1.8,319980,Hydroelectricity,-117.3624228,48.24040049,1,22995083
299,NA,Hungry Horse,Hungry Horse,South Fork of Flathead River,172,581,75.37,3678.3,83210,Irrigation,-114.0104177,48.33966519,0,22965006
0,MT01458,NA,FLOWER CREEK DAM,FLOWER CREEK,18,36,0.05,0.4,50687,Water supply,-115.5802305,48.34479585,1,22877969
297,NA,Lake Koocanusa,Libby,Kootenai River,129,881,163.81,7434.2,318897,Hydroelectricity,-115.3141221,48.41192654,0,22878297
0,MT01455,NA,CEDAR CREEK,CEDAR CREEK,26,372,0.13,3.4,60881,Flood control,-114.1423481,48.38848336,4,24339192
0,MT01470,NA,KOOTENAI DVLPMNT IMPOUNDMENT DAM,RAINY CREEK,41,352,0.3,1.6,52669,Other,-115.4278253,48.44020879,1,22879093
0,ID00155,NA,MOYIE,MOYIE RIVER,19,115,0.18,0.7,594653,Hydroelectricity,-116.1751312,48.73355599,1,22910489
0,WA00013,NA,BOX CANYON,PEND OREILLE RIVER,32,79,0.01,0,9910880,Hydroelectricity,-117.4107696,48.78067267,1,22994743
0,WA00011,NA,MILL POND,"SULLIVAN CREEK, PEND OREILLE R",17,40,0.26,0,113267,Hydroelectricity,-117.3055051,48.85834228,1,22995311
290,NA,Boundry Reservoir,Boundary,Pend Oreille,104,226,0.86,117.2,817058,Hydroelectricity,-117.3470768,48.9853842,0,22994711
354,NA,Wallowa Lake,Wallowa Lake,Wallowa River,12,58,6.17,60.8,1179,Irrigation,-117.2208604,45.33434577,0,23437443
353,NA,Willow Creek Reservoir,Willow Creek Reservoir,Willow Creek,50,518,0.4,16.3,524,Recreation,-119.5437543,45.34445212,0,23659574