"COMID","GNIS_NAME","LCM_Reach","Huc6"
23735691,"Willamette River","Mainstem_Falls2Mouth","170900"
23751752,"Middle Fork Willamette River","Middle Fork Reach A","170900"
23751754,"Middle Fork Willamette River","Middle Fork Reach A","170900"
23751756,"Middle Fork Willamette River","Middle Fork Reach A","170900"
23751758,"Middle Fork Willamette River","Middle Fork Reach A","170900"
23751760,"Middle Fork Willamette River","Middle Fork Reach A","170900"
23751762,"Middle Fork Willamette River","Middle Fork Reach A","170900"
23751764,"Middle Fork Willamette River","Middle Fork Reach A","170900"
23751766,"Middle Fork Willamette River","Middle Fork Reach A",NA
23751768,"Middle Fork Willamette River","Middle Fork Reach A","170900"
23751770,"Middle Fork Willamette River","Middle Fork Reach A","170900"
23751772,"Middle Fork Willamette River","Middle Fork Reach A","170900"
23751774,"Middle Fork Willamette River","Middle Fork Reach A","170900"
23751776,"Middle Fork Willamette River","Middle Fork Reach A","170900"
23751778,"Middle Fork Willamette River","Middle Fork Reach A","170900"
23751780,"Middle Fork Willamette River","Middle Fork Reach A","170900"
23751782,"Middle Fork Willamette River","Middle Fork Reach A","170900"
23751788,"Middle Fork Willamette River","Middle Fork Reach A","170900"
23751790,"Middle Fork Willamette River","Middle Fork Reach A","170900"
23751794,"Middle Fork Willamette River","Middle Fork Reach A","170900"
23751796,"Middle Fork Willamette River","Middle Fork Reach A","170900"
23751798,"Middle Fork Willamette River","Middle Fork Reach A","170900"
23751800,"Middle Fork Willamette River","Middle Fork Reach A","170900"
23751830,"Middle Fork Willamette River","Middle Fork Reach A","170900"
23751832,"Middle Fork Willamette River","Middle Fork Reach A","170900"
23751834,"Middle Fork Willamette River","Middle Fork Reach A","170900"
23751836,"Middle Fork Willamette River","Middle Fork Reach A","170900"
23751838,"Middle Fork Willamette River","Middle Fork Reach A","170900"
23751840,"Middle Fork Willamette River","Middle Fork Reach A","170900"
23751842,"Middle Fork Willamette River","Middle Fork Migration","170900"
23751844,"Middle Fork Willamette River","Middle Fork Migration","170900"
23751846,"Middle Fork Willamette River","Middle Fork Migration","170900"
23751848,"Middle Fork Willamette River","Middle Fork Migration","170900"
23751850,"Middle Fork Willamette River","Middle Fork Migration",NA
23751852,"Middle Fork Willamette River","Middle Fork Migration","170900"
23751854,"Middle Fork Willamette River","Middle Fork Migration","170900"
23751856,"Middle Fork Willamette River","Middle Fork Migration","170900"
23751858,"Middle Fork Willamette River","Middle Fork Migration","170900"
23751860,"Middle Fork Willamette River","Middle Fork Migration","170900"
23751862,"Middle Fork Willamette River","Middle Fork Migration","170900"
23751864,"Middle Fork Willamette River","Middle Fork Migration","170900"
23751866,"Middle Fork Willamette River","Middle Fork Migration","170900"
23751868,"Middle Fork Willamette River","Middle Fork Migration","170900"
23751870,"Middle Fork Willamette River","Middle Fork Migration","170900"
23751872,"Middle Fork Willamette River","Middle Fork Migration","170900"
23751874,"Middle Fork Willamette River","Middle Fork Migration","170900"
23751876,"Middle Fork Willamette River","Middle Fork Migration","170900"
23751878,"Middle Fork Willamette River","Middle Fork Migration","170900"
23751880,"Middle Fork Willamette River","Middle Fork Reach D","170900"
23751882,"Middle Fork Willamette River","Middle Fork Reach D","170900"
23751884,"Middle Fork Willamette River","Middle Fork Reach D","170900"
23751886,"Middle Fork Willamette River","Middle Fork Reach D","170900"
23751890,"Middle Fork Willamette River","Middle Fork Reach D","170900"
23751892,"Middle Fork Willamette River","Middle Fork Reach D","170900"
23751894,"Middle Fork Willamette River","Middle Fork Reach D","170900"
23751896,"Middle Fork Willamette River","Middle Fork Reach D","170900"
23751898,"Middle Fork Willamette River","Middle Fork Reach D","170900"
23751900,"Middle Fork Willamette River","Middle Fork Reach D","170900"
23751902,"Middle Fork Willamette River","Middle Fork Reach D","170900"
23751906,"Middle Fork Willamette River","Middle Fork Reach D","170900"
23751908,"Middle Fork Willamette River","Middle Fork Reach D","170900"
23751910,"Middle Fork Willamette River","Middle Fork Reach D","170900"
23751918,"Middle Fork Willamette River","Middle Fork Reach D","170900"
23751920,"Middle Fork Willamette River","Middle Fork Reach D","170900"
23751922,"Middle Fork Willamette River","Middle Fork Reach D","170900"
23751924,"Middle Fork Willamette River","Middle Fork Reach D","170900"
23751926,"Middle Fork Willamette River","Middle Fork Reach D","170900"
23751928,"Middle Fork Willamette River","Middle Fork Reach D","170900"
23751930,"Middle Fork Willamette River","Middle Fork Reach D","170900"
23751932,"Middle Fork Willamette River","Middle Fork Reach D","170900"
23751934,"Middle Fork Willamette River","Middle Fork Reach D","170900"
23751936,"Middle Fork Willamette River","Middle Fork Reach D","170900"
23751938,"Middle Fork Willamette River","Middle Fork Reach D","170900"
23751940,"Middle Fork Willamette River","Middle Fork Reach D","170900"
23751942,"Middle Fork Willamette River","Middle Fork Reach D","170900"
23751944,"Middle Fork Willamette River","Middle Fork Reach D","170900"
23751946,"Middle Fork Willamette River","Middle Fork Reach E","170900"
23751948,"Middle Fork Willamette River","Middle Fork Reach E","170900"
23751950,"Middle Fork Willamette River","Middle Fork Reach E","170900"
23751966,"Middle Fork Willamette River","Middle Fork Reach E","170900"
23751968,"Middle Fork Willamette River","Middle Fork Reach E","170900"
23751986,"Middle Fork Willamette River","Middle Fork Reach E","170900"
23751988,"Middle Fork Willamette River","Middle Fork Reach E","170900"
23751990,"Middle Fork Willamette River","Middle Fork Reach E","170900"
23751992,"Middle Fork Willamette River","Middle Fork Reach E","170900"
23751994,"Middle Fork Willamette River","Middle Fork Reach E","170900"
23751996,"Middle Fork Willamette River","Middle Fork Reach E","170900"
23751998,"Middle Fork Willamette River","Middle Fork Reach E","170900"
23752000,"Middle Fork Willamette River","Middle Fork Reach E","170900"
23752002,"Middle Fork Willamette River","Middle Fork Reach E","170900"
23752004,"Middle Fork Willamette River","Middle Fork Reach E","170900"
23752006,"Middle Fork Willamette River","Middle Fork Reach E","170900"
23752008,"Middle Fork Willamette River","Middle Fork Reach E","170900"
23752012,"Middle Fork Willamette River","Middle Fork Reach E","170900"
23752014,"Middle Fork Willamette River","Middle Fork Reach E","170900"
23752016,"Middle Fork Willamette River","Middle Fork Reach E","170900"
23752018,"Middle Fork Willamette River","Middle Fork Reach E","170900"
23752020,"Middle Fork Willamette River","Middle Fork Reach E","170900"
23752022,"Middle Fork Willamette River","Middle Fork Reach E","170900"
23752024,"Middle Fork Willamette River","Middle Fork Reach E","170900"
23752026,"Middle Fork Willamette River","Middle Fork Reach E","170900"
23752028,"Middle Fork Willamette River","Middle Fork Reach E","170900"
23752030,"Middle Fork Willamette River","Middle Fork Reach E","170900"
23752032,"Middle Fork Willamette River","Middle Fork Reach E","170900"
23752034,"Middle Fork Willamette River","Middle Fork Reach E","170900"
23752036,"Middle Fork Willamette River","Middle Fork Reach E","170900"
23752044,"Middle Fork Willamette River","Middle Fork Reach E","170900"
23752046,"Middle Fork Willamette River","Middle Fork Reach E","170900"
23752048,"Middle Fork Willamette River","Middle Fork Reach E","170900"
23752066,"Middle Fork Willamette River","Middle Fork Reach E","170900"
23752068,"Middle Fork Willamette River","Middle Fork Reach E","170900"
23752070,"Middle Fork Willamette River","Middle Fork Reach E","170900"
23752072,"Middle Fork Willamette River","Middle Fork Reach E","170900"
23752074,"Middle Fork Willamette River","Middle Fork Reach E","170900"
23752076,"Middle Fork Willamette River","Middle Fork Reach E","170900"
23752108,"Middle Fork Willamette River","Middle Fork Reach E","170900"
23752110,"Middle Fork Willamette River","Middle Fork Reach E","170900"
23752116,"Middle Fork Willamette River","Middle Fork Reach E","170900"
23752118,"Middle Fork Willamette River","Middle Fork Reach E","170900"
23752120,"Middle Fork Willamette River","Middle Fork Reach E","170900"
23752122,"Middle Fork Willamette River","Middle Fork Reach E","170900"
23752124,"Middle Fork Willamette River","Middle Fork Reach E","170900"
23752126,"Middle Fork Willamette River","Middle Fork Reach E","170900"
23752128,"Middle Fork Willamette River","Middle Fork Reach E","170900"
23752130,"Middle Fork Willamette River","Middle Fork Reach E","170900"
23752132,"Middle Fork Willamette River","Middle Fork Reach E","170900"
23752134,"Middle Fork Willamette River","Middle Fork Reach E","170900"
23752136,"Middle Fork Willamette River","Middle Fork Reach E","170900"
23752148,"Middle Fork Willamette River","Middle Fork Reach E","170900"
23752150,"Middle Fork Willamette River","Middle Fork Reach E","170900"
23752152,"Middle Fork Willamette River","Middle Fork Reach E","170900"
23752154,"Middle Fork Willamette River","Middle Fork Reach E","170900"
23752156,"Middle Fork Willamette River","Middle Fork Reach E","170900"
23752158,"Middle Fork Willamette River","Middle Fork Reach E","170900"
23752160,"Middle Fork Willamette River","Middle Fork Reach E","170900"
23752162,"Middle Fork Willamette River","Middle Fork Reach E","170900"
23752164,"Middle Fork Willamette River","Middle Fork Reach E","170900"
23752166,"Middle Fork Willamette River","Middle Fork Reach E","170900"
23752168,"Middle Fork Willamette River","Middle Fork Reach E","170900"
23752170,"Middle Fork Willamette River","Middle Fork Reach E","170900"
23752220,"Hills Creek","Middle Fork Reach E","170900"
23752222,"Hills Creek","Middle Fork Reach E","170900"
23752224,"Hills Creek","Middle Fork Reach E","170900"
23752226,"Hills Creek","Middle Fork Reach E","170900"
23752228,"Hills Creek","Middle Fork Reach E","170900"
23752230,"Hills Creek","Middle Fork Reach E","170900"
23752232,"Hills Creek","Middle Fork Reach E","170900"
23752234,"Hills Creek","Middle Fork Reach E","170900"
23752236,"Hills Creek","Middle Fork Reach E","170900"
23752238,"Hills Creek","Middle Fork Reach E","170900"
23752240,"Hills Creek","Middle Fork Reach E","170900"
23752242,"Hills Creek","Middle Fork Reach E","170900"
23752244,"Hills Creek","Middle Fork Reach E","170900"
23752250,"Hills Creek","Middle Fork Reach E","170900"
23752252,"Hills Creek","Middle Fork Reach E","170900"
23752254,"Hills Creek","Middle Fork Reach E","170900"
23752256,"Hills Creek","Middle Fork Reach E","170900"
23752258,"Hills Creek","Middle Fork Reach E","170900"
23752260,"Hills Creek","Middle Fork Reach E","170900"
23752262,"Hills Creek","Middle Fork Reach E","170900"
23752264,"Hills Creek","Middle Fork Reach E","170900"
23752338,"Salmon Creek","Middle Fork Reach D","170900"
23752340,"Salmon Creek","Middle Fork Reach D","170900"
23752342,"Salmon Creek","Middle Fork Reach D","170900"
23752344,"Salmon Creek","Middle Fork Reach D","170900"
23752346,"Salmon Creek","Middle Fork Reach D","170900"
23752348,"Salmon Creek","Middle Fork Reach D","170900"
23752350,"Salmon Creek","Middle Fork Reach D","170900"
23752352,"Salmon Creek","Middle Fork Reach D","170900"
23752354,"Salmon Creek","Middle Fork Reach D","170900"
23752356,"Salmon Creek","Middle Fork Reach D","170900"
23752358,"Salmon Creek","Middle Fork Reach D","170900"
23752360,"Salmon Creek","Middle Fork Reach D","170900"
23752362,"Salmon Creek","Middle Fork Reach D","170900"
23752364,"Salmon Creek","Middle Fork Reach D","170900"
23752366,"Salmon Creek","Middle Fork Reach D","170900"
23752368,"Salmon Creek","Middle Fork Reach D","170900"
23752370,"Salmon Creek","Middle Fork Reach D","170900"
23752372,"Salmon Creek","Middle Fork Reach D","170900"
23752374,"Salmon Creek","Middle Fork Reach D","170900"
23752376,"Salmon Creek","Middle Fork Reach D","170900"
23752378,"Salmon Creek","Middle Fork Reach D","170900"
23752380,"Salmon Creek","Middle Fork Reach D","170900"
23752382,"Salmon Creek","Middle Fork Reach D","170900"
23752384,"Salmon Creek","Middle Fork Reach D","170900"
23752386,"Salmon Creek","Middle Fork Reach D","170900"
23752414," ","Middle Fork Reach D","170900"
23752416," ","Middle Fork Reach D","170900"
23752418,"Salmon Creek","Middle Fork Reach D","170900"
23752420,"Salmon Creek","Middle Fork Reach D","170900"
23752422,"Salmon Creek","Middle Fork Reach D","170900"
23752424,"Salmon Creek","Middle Fork Reach D","170900"
23752426,"Salmon Creek","Middle Fork Reach D","170900"
23752428,"Salmon Creek","Middle Fork Reach D","170900"
23752430,"Salmon Creek","Middle Fork Reach D","170900"
23752432,"Salmon Creek","Middle Fork Reach D","170900"
23752434,"Salmon Creek","Middle Fork Reach D","170900"
23752436,"Salmon Creek","Middle Fork Reach D","170900"
23752446,"North Fork Middle Fork Willamette River","Middle Fork Reach D","170900"
23752448,"North Fork Middle Fork Willamette River","Middle Fork Reach D","170900"
23752450,"North Fork Middle Fork Willamette River","Middle Fork Reach D","170900"
23752452,"North Fork Middle Fork Willamette River","Middle Fork Reach D","170900"
23752454,"North Fork Middle Fork Willamette River","Middle Fork Reach D","170900"
23752456,"North Fork Middle Fork Willamette River","Middle Fork Reach D","170900"
23752458,"North Fork Middle Fork Willamette River","Middle Fork Reach D","170900"
23752460,"North Fork Middle Fork Willamette River","Middle Fork Reach D","170900"
23752462,"North Fork Middle Fork Willamette River","Middle Fork Reach D","170900"
23752464,"North Fork Middle Fork Willamette River","Middle Fork Reach D","170900"
23752466,"North Fork Middle Fork Willamette River","Middle Fork Reach D","170900"
23752468,"North Fork Middle Fork Willamette River","Middle Fork Reach D","170900"
23752470,"North Fork Middle Fork Willamette River","Middle Fork Reach D","170900"
23752472,"North Fork Middle Fork Willamette River","Middle Fork Reach D","170900"
23752474,"North Fork Middle Fork Willamette River","Middle Fork Reach D","170900"
23752476,"North Fork Middle Fork Willamette River","Middle Fork Reach D","170900"
23752478,"North Fork Middle Fork Willamette River","Middle Fork Reach D","170900"
23752480,"North Fork Middle Fork Willamette River","Middle Fork Reach D","170900"
23752482,"North Fork Middle Fork Willamette River","Middle Fork Reach D","170900"
23752484,"North Fork Middle Fork Willamette River","Middle Fork Reach D","170900"
23752486,"North Fork Middle Fork Willamette River","Middle Fork Reach D","170900"
23752488,"North Fork Middle Fork Willamette River","Middle Fork Reach D","170900"
23752490,"North Fork Middle Fork Willamette River","Middle Fork Reach D","170900"
23752492,"North Fork Middle Fork Willamette River","Middle Fork Reach D","170900"
23752494,"North Fork Middle Fork Willamette River","Middle Fork Reach D","170900"
23752496,"North Fork Middle Fork Willamette River","Middle Fork Reach D","170900"
23752498,"North Fork Middle Fork Willamette River","Middle Fork Reach D","170900"
23752500,"North Fork Middle Fork Willamette River","Middle Fork Reach D","170900"
23752502,"North Fork Middle Fork Willamette River","Middle Fork Reach D","170900"
23752504,"North Fork Middle Fork Willamette River","Middle Fork Reach D","170900"
23752506,"North Fork Middle Fork Willamette River","Middle Fork Reach D","170900"
23752508,"North Fork Middle Fork Willamette River","Middle Fork Reach D","170900"
23752510,"North Fork Middle Fork Willamette River","Middle Fork Reach D","170900"
23752512,"North Fork Middle Fork Willamette River","Middle Fork Reach D","170900"
23752514,"North Fork Middle Fork Willamette River","Middle Fork Reach D","170900"
23752516,"North Fork Middle Fork Willamette River","Middle Fork Reach D","170900"
23752518,"North Fork Middle Fork Willamette River","Middle Fork Reach D","170900"
23752520,"North Fork Middle Fork Willamette River","Middle Fork Reach D","170900"
23752522,"North Fork Middle Fork Willamette River","Middle Fork Reach D","170900"
23752532,"North Fork Middle Fork Willamette River","Middle Fork Reach D","170900"
23752534,"North Fork Middle Fork Willamette River","Middle Fork Reach D","170900"
23752536,"North Fork Middle Fork Willamette River","Middle Fork Reach D","170900"
23752548,"North Fork Middle Fork Willamette River","Middle Fork Reach D","170900"
23752550,"North Fork Middle Fork Willamette River","Middle Fork Reach D","170900"
23752552,"North Fork Middle Fork Willamette River","Middle Fork Reach D","170900"
23752554,"North Fork Middle Fork Willamette River","Middle Fork Reach D","170900"
23752556,"North Fork Middle Fork Willamette River","Middle Fork Reach D","170900"
23752558,"North Fork Middle Fork Willamette River","Middle Fork Reach D","170900"
23752560,"North Fork Middle Fork Willamette River","Middle Fork Reach D","170900"
23752562,"North Fork Middle Fork Willamette River","Middle Fork Reach D","170900"
23752564,"North Fork Middle Fork Willamette River","Middle Fork Reach D","170900"
23752566,"North Fork Middle Fork Willamette River","Middle Fork Reach D","170900"
23752596,"Fall Creek","Middle Fork Reach B","170900"
23752598,"Fall Creek","Middle Fork Reach B","170900"
23752600,"Fall Creek","Middle Fork Reach C","170900"
23752602," ","Middle Fork Reach C","170900"
23752606,"Fall Creek","Middle Fork Reach C","170900"
23752608,"Winberry Creek","Middle Fork Reach C","170900"
23752610,"Winberry Creek","Middle Fork Reach C","170900"
23752612,"South Fork Winberry Creek","Middle Fork Reach C","170900"
23752614,"South Fork Winberry Creek","Middle Fork Reach C","170900"
23752616,"South Fork Winberry Creek","Middle Fork Reach C","170900"
23752618,"South Fork Winberry Creek","Middle Fork Reach C","170900"
23752620,"South Fork Winberry Creek","Middle Fork Reach C","170900"
23752630,"Fall Creek","Middle Fork Reach C","170900"
23752632,"Fall Creek","Middle Fork Reach C","170900"
23752634,"Fall Creek","Middle Fork Reach C","170900"
23752636,"Fall Creek","Middle Fork Reach C","170900"
23752638,"Fall Creek","Middle Fork Reach C","170900"
23752640,"Fall Creek","Middle Fork Reach C","170900"
23752642,"Fall Creek","Middle Fork Reach C","170900"
23752644,"Fall Creek","Middle Fork Reach C","170900"
23752646,"Fall Creek","Middle Fork Reach C","170900"
23752648,"Fall Creek","Middle Fork Reach C","170900"
23752650,"Fall Creek","Middle Fork Reach C","170900"
23752662,"Fall Creek","Middle Fork Reach C","170900"
23752664,"Fall Creek","Middle Fork Reach C","170900"
23752666,"Fall Creek","Middle Fork Reach C","170900"
23752668,"Fall Creek","Middle Fork Reach C","170900"
23752670,"Fall Creek","Middle Fork Reach C","170900"
23752672,"Fall Creek","Middle Fork Reach C","170900"
23752674,"Fall Creek","Middle Fork Reach C","170900"
23752676,"Fall Creek","Middle Fork Reach C","170900"
23752678,"Fall Creek","Middle Fork Reach C","170900"
23752680,"Fall Creek","Middle Fork Reach C","170900"
23752688,"Fall Creek","Middle Fork Reach C","170900"
23752690,"Fall Creek","Middle Fork Reach C","170900"
23752692,"Fall Creek","Middle Fork Reach C","170900"
23753946,"Hills Creek","Middle Fork Reach E","170900"
23753948,"Hills Creek","Middle Fork Reach E","170900"
23753954,"Salmon Creek","Middle Fork Reach D","170900"
23762831,"Willamette River","Mainstem_Mck2San_DS","170900"
23762833,"Willamette River","Mainstem_Mck2San_DS","170900"
23762835,"Willamette River","Mainstem_Mck2San_DS","170900"
23762837,"Willamette River","Mainstem_Mck2San_DS","170900"
23762839,"Willamette River","Mainstem_Mck2San_DS","170900"
23762841,"Willamette River","Mainstem_Mck2San_DS","170900"
23762843,"Willamette River","Mainstem_Mck2San_DS","170900"
23762845,"Willamette River","Mainstem_Mck2San_DS","170900"
23762847,"Willamette River","Mainstem_Mck2San_US","170900"
23762849,"Willamette River","Mainstem_Mck2San_US","170900"
23762851,"Willamette River","Mainstem_Mck2San_US","170900"
23762867,"Willamette River","Mainstem_Mck2San_US","170900"
23762869,"Willamette River","Mainstem_Mck2San_US","170900"
23762877,"Willamette River","Mainstem_Mck2San_US","170900"
23763007,"Willamette River","Mainstem_Mck2San_US","170900"
23763009,"Willamette River","Mainstem_Mck2San_US","170900"
23763045,"Willamette River","Mainstem_Mck2San_US","170900"
23763047,"Willamette River","Mainstem_Mck2San_US","170900"
23763049,"Willamette River","Mainstem_Mck2San_US","170900"
23763051,"Willamette River","Mainstem_Mck2San_US","170900"
23763053,"Willamette River","Mainstem_Mck2San_US","170900"
23763055,"Willamette River","Mainstem_Mck2San_US","170900"
23763057,"Willamette River","Mainstem_Mck2San_US","170900"
23763059,"Willamette River","Mainstem_Mck2San_US","170900"
23763061,"Willamette River","Mainstem_Mck2San_US","170900"
23763063,"Willamette River","Mainstem_Mck2San_US","170900"
23763065,"Willamette River","Mainstem_Mck2San_US","170900"
23763279,"Willamette River","Mainstem_Mck2San_US","170900"
23763281,"Willamette River","Mainstem_Mck2San_US","170900"
23763283,"Willamette River","Mainstem_Mck2San_US","170900"
23763285,"Willamette River","Mainstem_Mck2San_US","170900"
23763287,"Willamette River","Mainstem_Mck2San_US","170900"
23763289,"Willamette River","Mainstem_Mck2San_US","170900"
23763291,"Willamette River","Mainstem_Mck2San_US","170900"
23763293,"Willamette River","Mainstem_Mck2San_US","170900"
23763295,"Willamette River","Mainstem_Mck2San_US","170900"
23763297,"Willamette River","Mainstem_Mck2San_US","170900"
23763299,"Willamette River","Mainstem_Mck2San_US","170900"
23763301,"Willamette River","Mainstem_Mck2San_US","170900"
23763303,"Willamette River","Mainstem_Mck2San_US","170900"
23763305,"Willamette River","Mainstem_Mck2San_US","170900"
23763307,"Willamette River","Mainstem_Mck2San_US","170900"
23763309,"Willamette River","Mainstem_Mck2San_US","170900"
23763311,"Willamette River","Mainstem_Mck2San_US","170900"
23763323,"Willamette River","Mainstem_Mck2San_US","170900"
23763325,"Willamette River","Mainstem_Mck2San_US","170900"
23763327,"Willamette River","Mainstem_Mck2San_US","170900"
23763329," ","Mainstem_Mck2San_US","170900"
23763331,"Willamette River","Mainstem_Mck2San_US","170900"
23763333,"Willamette River","Mainstem_Mck2San_US","170900"
23763335,"Willamette River","Mainstem_Mck2San_US","170900"
23763337,"Willamette River","Mainstem_Mck2San_US","170900"
23763339,"Willamette River","Mainstem_Mck2San_US","170900"
23763341,"Willamette River","Mainstem_Mck2San_US","170900"
23763343,"Willamette River","Mainstem_Mck2San_US","170900"
23763345,"Willamette River","Mainstem_Mck2San_US","170900"
23763347,"Willamette River","Mainstem_Mck2San_US","170900"
23763349,"Willamette River","Mainstem_Mck2San_US","170900"
23763351,"Willamette River","Mainstem_Mck2San_US","170900"
23763353,"Willamette River","Mainstem_Mck2San_US","170900"
23763355,"Willamette River","Mainstem_Mck2San_US","170900"
23763357,"Willamette River","Mainstem_Mck2San_US","170900"
23763359,"Willamette River","Mainstem_Mck2San_US","170900"
23763361,"Willamette River","Mainstem_Mck2San_US","170900"
23763363,"Willamette River","Mainstem_Mck2San_US","170900"
23763365,"Willamette River","Mainstem_Mck2San_US","170900"
23763367,"Willamette River","Mainstem_Mck2San_US","170900"
23763375,"Willamette River","Mainstem_Mck2San_US","170900"
23763377,"Willamette River","Mainstem_Mck2San_US","170900"
23763379,"Willamette River","Mainstem_Mck2San_US","170900"
23763381,"Willamette River","Mainstem_Mck2San_US","170900"
23763383,"Willamette River","Mainstem_Mck2San_US","170900"
23763385,"Willamette River","Mainstem_Mck2San_US","170900"
23763387,"Willamette River","Mainstem_Mck2San_US","170900"
23763389,"Willamette River","Mainstem_Mck2San_US","170900"
23763391,"Willamette River","Mainstem_Mck2San_US","170900"
23763393,"Willamette River","Mainstem_Mck2San_US","170900"
23763395,"Willamette River","Mainstem_Mfk2Mck","170900"
23763397,"Willamette River","Mainstem_Mfk2Mck","170900"
23763399,"Willamette River","Mainstem_Mfk2Mck","170900"
23763401,"Willamette River","Mainstem_Mfk2Mck","170900"
23763403,"Willamette River","Mainstem_Mfk2Mck","170900"
23763405,"Willamette River","Mainstem_Mfk2Mck","170900"
23763407,"Willamette River","Mainstem_Mfk2Mck","170900"
23763409,"Willamette River","Mainstem_Mfk2Mck","170900"
23763411,"Willamette River","Mainstem_Mfk2Mck","170900"
23763413,"Willamette River","Mainstem_Mfk2Mck","170900"
23763415,"Willamette River","Mainstem_Mfk2Mck","170900"
23763417,"Willamette River","Mainstem_Mfk2Mck","170900"
23763419,"Willamette River","Mainstem_Mfk2Mck","170900"
23763421,"Willamette River","Mainstem_Mfk2Mck","170900"
23763423,"Willamette River","Mainstem_Mfk2Mck","170900"
23763425,"Willamette River","Mainstem_Mfk2Mck","170900"
23763427,"Willamette River","Mainstem_Mfk2Mck","170900"
23763429,"Willamette River","Mainstem_Mfk2Mck","170900"
23763431,"Willamette River","Mainstem_Mfk2Mck","170900"
23763433,"Willamette River","Mainstem_Mfk2Mck","170900"
23763435,"Willamette River","Mainstem_Mfk2Mck","170900"
23763437,"Willamette River","Mainstem_Mfk2Mck","170900"
23763439,"Willamette River","Mainstem_Mfk2Mck","170900"
23763441,"Willamette River","Mainstem_Mfk2Mck","170900"
23763443,"Willamette River","Mainstem_Mfk2Mck","170900"
23763445,"Willamette River","Mainstem_Mfk2Mck","170900"
23763447,"Willamette River","Mainstem_Mfk2Mck","170900"
23763449,"Willamette River","Middle Fork Reach A","170900"
23763757,"Willamette River","Mainstem_Mck2San_US","170900"
23765583,"McKenzie River","Mainstem_Mck2San_US","170900"
23765699," ","McKenzie Reach A",NA
23765821," ","McKenzie Reach A",NA
23765833," ","McKenzie Reach A",NA
23772707,"McKenzie River","McKenzie Reach A","170900"
23772709,"McKenzie River","McKenzie Reach A","170900"
23772711,"McKenzie River","McKenzie Reach A",NA
23772713,"McKenzie River","McKenzie Reach A","170900"
23772715,"McKenzie River","McKenzie Reach A","170900"
23772717,"McKenzie River","McKenzie Reach A","170900"
23772719,"McKenzie River","McKenzie Reach A","170900"
23772721,"McKenzie River","McKenzie Reach A","170900"
23772723,"McKenzie River","McKenzie Reach A","170900"
23772725,"McKenzie River","McKenzie Reach A","170900"
23772727,"McKenzie River","McKenzie Reach A","170900"
23772729,"McKenzie River","McKenzie Reach A","170900"
23772731,"McKenzie River","McKenzie Reach A","170900"
23772733,"McKenzie River","McKenzie Reach A","170900"
23772735,"McKenzie River","McKenzie Reach A","170900"
23772737,"McKenzie River","McKenzie Reach A","170900"
23772739,"McKenzie River","McKenzie Reach A","170900"
23772741,"McKenzie River","McKenzie Reach A","170900"
23772743,"McKenzie River","McKenzie Reach A","170900"
23772745,"McKenzie River","McKenzie Reach A","170900"
23772747,"McKenzie River","McKenzie Reach A","170900"
23772749,"McKenzie River","McKenzie Reach A","170900"
23772751,"McKenzie River","McKenzie Reach A","170900"
23772753,"McKenzie River","McKenzie Reach A","170900"
23772755,"McKenzie River","McKenzie Reach A","170900"
23772757,"McKenzie River","McKenzie Reach A","170900"
23772759,"McKenzie River","McKenzie Reach A","170900"
23772761,"McKenzie River","McKenzie Reach A","170900"
23772763,"McKenzie River","McKenzie Reach A","170900"
23772765,"McKenzie River","McKenzie Reach A","170900"
23772767,"McKenzie River","McKenzie Reach A","170900"
23772769,"McKenzie River","McKenzie Reach A","170900"
23772771,"McKenzie River","McKenzie Reach A","170900"
23772773,"McKenzie River","McKenzie Reach A","170900"
23772775,"McKenzie River","McKenzie Reach A","170900"
23772777,"McKenzie River","McKenzie Reach A","170900"
23772779,"McKenzie River","McKenzie Reach A","170900"
23772781,"McKenzie River","McKenzie Reach A","170900"
23772783,"McKenzie River","McKenzie Reach A","170900"
23772785,"McKenzie River","McKenzie Reach A","170900"
23772787,"McKenzie River","McKenzie Reach A","170900"
23772789,"McKenzie River","McKenzie Reach A","170900"
23772791,"McKenzie River","McKenzie Reach A","170900"
23772793,"McKenzie River","McKenzie Reach A","170900"
23772795,"McKenzie River","McKenzie Reach A","170900"
23772797,"McKenzie River","McKenzie Reach A","170900"
23772799,"McKenzie River","McKenzie Reach A","170900"
23772801,"McKenzie River","McKenzie Reach A","170900"
23772803,"McKenzie River","McKenzie Reach A","170900"
23772805,"McKenzie River","McKenzie Reach A","170900"
23772807," ","McKenzie Reach A","170900"
23772809," ","McKenzie Reach A","170900"
23772811,"McKenzie River","McKenzie Reach A","170900"
23772813," ","McKenzie Reach A","170900"
23772815," ","McKenzie Reach A","170900"
23772817," ","McKenzie Reach A",NA
23772819,"McKenzie River","McKenzie Reach A","170900"
23772821,"McKenzie River","McKenzie Reach A","170900"
23772823,"McKenzie River","McKenzie Reach A","170900"
23772825,"McKenzie River","McKenzie Reach A","170900"
23772829,"McKenzie River","McKenzie Reach A","170900"
23772839,"McKenzie River","McKenzie Reach A","170900"
23772841," ","McKenzie Reach A","170900"
23772843," ","McKenzie Reach A","170900"
23772845," ","McKenzie Reach A","170900"
23772847,"McKenzie River","McKenzie Reach A","170900"
23772849,"McKenzie River","McKenzie Reach A","170900"
23772851,"McKenzie River","McKenzie Reach A","170900"
23772853,"McKenzie River","McKenzie Reach A","170900"
23772855,"McKenzie River","McKenzie Reach A","170900"
23772857,"McKenzie River","McKenzie Reach A","170900"
23772859,"McKenzie River","McKenzie Reach A","170900"
23772861,"McKenzie River","McKenzie Reach A","170900"
23772863,"McKenzie River","McKenzie Reach A","170900"
23772865,"McKenzie River","McKenzie Reach A","170900"
23772867,"McKenzie River","McKenzie Reach B","170900"
23772869,"McKenzie River","McKenzie Reach B","170900"
23772871,"McKenzie River","McKenzie Reach B","170900"
23772873,"McKenzie River","McKenzie Reach B","170900"
23772875,"McKenzie River","McKenzie Reach B","170900"
23772877,"McKenzie River","McKenzie Reach B","170900"
23772879,"McKenzie River","McKenzie Reach B","170900"
23772881,"McKenzie River","McKenzie Reach B","170900"
23772883,"McKenzie River","McKenzie Reach B","170900"
23772885,"McKenzie River","McKenzie Reach B","170900"
23772903,"McKenzie River","McKenzie Reach B","170900"
23772905,"McKenzie River","McKenzie Reach B","170900"
23772907,"McKenzie River","McKenzie Reach B","170900"
23772909,"McKenzie River","McKenzie Reach B","170900"
23772911,"McKenzie River","McKenzie Reach B","170900"
23772913,"McKenzie River","McKenzie Reach B","170900"
23772915,"McKenzie River","McKenzie Reach B","170900"
23772917,"McKenzie River","McKenzie Reach B","170900"
23772919,"McKenzie River","McKenzie Reach B","170900"
23772933,"McKenzie River","McKenzie Reach B","170900"
23772935,"McKenzie River","McKenzie Reach B","170900"
23772945,"McKenzie River","McKenzie Reach B","170900"
23772947,"McKenzie River","McKenzie Reach B","170900"
23772949,"McKenzie River","McKenzie Reach B","170900"
23772985,"McKenzie River","McKenzie Reach B","170900"
23772987,"McKenzie River","McKenzie Reach B","170900"
23772989,"McKenzie River","McKenzie Reach B","170900"
23772991,"McKenzie River","McKenzie Reach B","170900"
23772993,"McKenzie River","McKenzie Reach B","170900"
23772995,"McKenzie River","McKenzie Reach B","170900"
23772997,"McKenzie River","McKenzie Reach B","170900"
23772999,"McKenzie River","McKenzie Reach B","170900"
23773001,"McKenzie River","McKenzie Reach B","170900"
23773003,"McKenzie River","McKenzie Reach B","170900"
23773005,"South Fork McKenzie River","McKenzie Reach B","170900"
23773007,"South Fork McKenzie River","McKenzie Reach B","170900"
23773009,"South Fork McKenzie River","McKenzie Reach B","170900"
23773011,"South Fork McKenzie River","McKenzie Reach C","170900"
23773013,"South Fork McKenzie River","McKenzie Reach C","170900"
23773015,"South Fork McKenzie River","McKenzie Reach C","170900"
23773017,"South Fork McKenzie River","McKenzie Reach C","170900"
23773019,"South Fork McKenzie River","McKenzie Reach C","170900"
23773021,"South Fork McKenzie River","McKenzie Reach C","170900"
23773023,"South Fork McKenzie River","McKenzie Reach C","170900"
23773025,"South Fork McKenzie River","McKenzie Reach C","170900"
23773027,"South Fork McKenzie River","McKenzie Reach C","170900"
23773029,"South Fork McKenzie River","McKenzie Reach C","170900"
23773031,"South Fork McKenzie River","McKenzie Reach C","170900"
23773033,"South Fork McKenzie River","McKenzie Reach C","170900"
23773035,"South Fork McKenzie River","McKenzie Reach C","170900"
23773037,"South Fork McKenzie River","McKenzie Reach C","170900"
23773039,"South Fork McKenzie River","McKenzie Reach C","170900"
23773047,"South Fork McKenzie River","McKenzie Reach C","170900"
23773049,"South Fork McKenzie River","McKenzie Reach C","170900"
23773051,"South Fork McKenzie River","McKenzie Reach C","170900"
23773053,"South Fork McKenzie River","McKenzie Reach C","170900"
23773055,"South Fork McKenzie River","McKenzie Reach C","170900"
23773057,"South Fork McKenzie River","McKenzie Reach C","170900"
23773059,"South Fork McKenzie River","McKenzie Reach C","170900"
23773061,"South Fork McKenzie River","McKenzie Reach C","170900"
23773063,"South Fork McKenzie River","McKenzie Reach C","170900"
23773079,"South Fork McKenzie River","McKenzie Reach C","170900"
23773081,"South Fork McKenzie River","McKenzie Reach C","170900"
23773083,"South Fork McKenzie River","McKenzie Reach C","170900"
23773085,"South Fork McKenzie River","McKenzie Reach C","170900"
23773087,"South Fork McKenzie River","McKenzie Reach C","170900"
23773089,"South Fork McKenzie River","McKenzie Reach C","170900"
23773091,"South Fork McKenzie River","McKenzie Reach C","170900"
23773093,"South Fork McKenzie River","McKenzie Reach C","170900"
23773095,"South Fork McKenzie River","McKenzie Reach C","170900"
23773097,"South Fork McKenzie River","McKenzie Reach C","170900"
23773099,"South Fork McKenzie River","McKenzie Reach C","170900"
23773109,"South Fork McKenzie River","McKenzie Reach C","170900"
23773111,"South Fork McKenzie River","McKenzie Reach C","170900"
23773113,"South Fork McKenzie River","McKenzie Reach C","170900"
23773123,"South Fork McKenzie River","McKenzie Reach C","170900"
23773125,"South Fork McKenzie River","McKenzie Reach C","170900"
23773127,"South Fork McKenzie River","McKenzie Reach C","170900"
23773129,"South Fork McKenzie River","McKenzie Reach C","170900"
23773131,"South Fork McKenzie River","McKenzie Reach C","170900"
23773133,"South Fork McKenzie River","McKenzie Reach C","170900"
23773135," ","McKenzie Reach C","170900"
23773137," ","McKenzie Reach C","170900"
23773139," ","McKenzie Reach C","170900"
23773143," ","McKenzie Reach C","170900"
23773145," ","McKenzie Reach C","170900"
23773147," ","McKenzie Reach C","170900"
23773207,"McKenzie River","McKenzie Reach B","170900"
23773209,"McKenzie River","McKenzie Reach B","170900"
23773211,"McKenzie River","McKenzie Reach B","170900"
23773215,"McKenzie River","McKenzie Reach B","170900"
23773217,"McKenzie River","McKenzie Reach B","170900"
23773219,"McKenzie River","McKenzie Reach B","170900"
23773221,"East Fork Horse Creek","McKenzie Reach B","170900"
23773223,"Horse Creek","McKenzie Reach B","170900"
23773225,"Horse Creek","McKenzie Reach B","170900"
23773227,"Horse Creek","McKenzie Reach B","170900"
23773229,"Horse Creek","McKenzie Reach B","170900"
23773231,"Horse Creek","McKenzie Reach B","170900"
23773233,"Horse Creek","McKenzie Reach B","170900"
23773235,"Horse Creek","McKenzie Reach B","170900"
23773237,"Horse Creek","McKenzie Reach B","170900"
23773239,"Horse Creek","McKenzie Reach B","170900"
23773241,"Horse Creek","McKenzie Reach B","170900"
23773243,"Horse Creek","McKenzie Reach B","170900"
23773245,"Horse Creek","McKenzie Reach B","170900"
23773247,"Horse Creek","McKenzie Reach B","170900"
23773249,"Horse Creek","McKenzie Reach B","170900"
23773251,"Horse Creek","McKenzie Reach B","170900"
23773253,"Horse Creek","McKenzie Reach B","170900"
23773255,"Horse Creek","McKenzie Reach B","170900"
23773257,"Horse Creek","McKenzie Reach B","170900"
23773259,"Horse Creek","McKenzie Reach B","170900"
23773275,"Horse Creek","McKenzie Reach B","170900"
23773277,"Horse Creek","McKenzie Reach B","170900"
23773279,"Horse Creek","McKenzie Reach B","170900"
23773281,"Horse Creek","McKenzie Reach B","170900"
23773283,"Horse Creek","McKenzie Reach B","170900"
23773285,"Horse Creek","McKenzie Reach B","170900"
23773287,"Horse Creek","McKenzie Reach B","170900"
23773309,"McKenzie River","McKenzie Reach B","170900"
23773311,"McKenzie River","McKenzie Reach B","170900"
23773313,"McKenzie River","McKenzie Reach B","170900"
23773315,"McKenzie River","McKenzie Reach B","170900"
23773317,"McKenzie River","McKenzie Reach B","170900"
23773319,"McKenzie River","McKenzie Reach B","170900"
23773321,"McKenzie River","McKenzie Reach B","170900"
23773331,"McKenzie River","McKenzie Reach B","170900"
23773333,"McKenzie River","McKenzie Reach B","170900"
23773347,"McKenzie River","McKenzie Reach B","170900"
23773349,"McKenzie River","McKenzie Reach B","170900"
23773351,"McKenzie River","McKenzie Reach B","170900"
23773353,"McKenzie River","McKenzie Reach B","170900"
23773355,"McKenzie River","McKenzie Reach B","170900"
23773357,"McKenzie River","McKenzie Reach B","170900"
23773359,"McKenzie River","McKenzie Reach B","170900"
23773361,"McKenzie River","McKenzie Reach B","170900"
23773363,"McKenzie River","McKenzie Reach B","170900"
23773365,"McKenzie River","McKenzie Reach B","170900"
23773367,"McKenzie River","McKenzie Reach B","170900"
23773369,"McKenzie River","McKenzie Reach B","170900"
23773371,"McKenzie River","McKenzie Reach B","170900"
23773373,"Fish Lake Creek","McKenzie Reach B","170900"
23773375,"Fish Lake Creek","McKenzie Reach B","170900"
23773377,"Fish Lake Creek","McKenzie Reach B","170900"
23773379,"Fish Lake Creek","McKenzie Reach B","170900"
23773381,"Fish Lake Creek","McKenzie Reach B","170900"
23773383,"Fish Lake Creek","McKenzie Reach B","170900"
23773385," ","McKenzie Reach B","170900"
23773387,"Smith River","McKenzie Reach B","170900"
23773389,"Smith River","McKenzie Reach B","170900"
23773391,"Smith River","McKenzie Reach B","170900"
23773393,"Smith River","McKenzie Reach B","170900"
23773395,"Smith River","McKenzie Reach B","170900"
23773397,"Smith River","McKenzie Reach B","170900"
23773399,"Smith River","McKenzie Reach B","170900"
23773401,"Blue River","McKenzie Reach B","170900"
23773467,"Gate Creek","McKenzie Reach B","170900"
23773469,"Gate Creek","McKenzie Reach B","170900"
23773471,"North Fork Gate Creek","McKenzie Reach B","170900"
23773473,"North Fork Gate Creek","McKenzie Reach B","170900"
23773475,"North Fork Gate Creek","McKenzie Reach B","170900"
23773477,"North Fork Gate Creek","McKenzie Reach B","170900"
23773479,"North Fork Gate Creek","McKenzie Reach B","170900"
23773761,"Hackleman Creek","McKenzie Reach B","170900"
23773765,"Hackleman Creek","McKenzie Reach B","170900"
23773769,"Hackleman Creek","McKenzie Reach B","170900"
23773773,"Hackleman Creek","McKenzie Reach B","170900"
23773775,"Hackleman Creek","McKenzie Reach B","170900"
23773777,"Hackleman Creek","McKenzie Reach B","170900"
23774161,"West Fork Horse Creek","McKenzie Reach B","170900"
23774691,"Horse Creek","McKenzie Reach B","170900"
23774701,"Horse Creek","McKenzie Reach B","170900"
23774711,"Horse Creek","McKenzie Reach B","170900"
23774751," ","McKenzie Reach C","170900"
23774753," ","McKenzie Reach C","170900"
23774767,"Horse Creek","McKenzie Reach B","170900"
23774837," ","McKenzie Reach C","170900"
23774841," ","McKenzie Reach C","170900"
23774843," ","McKenzie Reach C","170900"
23774921,"Horse Creek","McKenzie Reach B","170900"
23774929,"Horse Creek","McKenzie Reach B","170900"
23774935,"Horse Creek","McKenzie Reach B","170900"
23775079," ","McKenzie Reach A",NA
23775113,"McKenzie River","McKenzie Reach B","170900"
23780405,"Santiam River","North Santiam_Santiam","170900"
23780407,"Santiam River","North Santiam_Santiam","170900"
23780409,"Santiam River","North Santiam_Santiam","170900"
23780411,"Santiam River","North Santiam_Santiam","170900"
23780413,"Santiam River","North Santiam_Santiam","170900"
23780415,"Santiam River","North Santiam_Santiam","170900"
23780417,"Santiam River","North Santiam_Santiam","170900"
23780419,"Santiam River","North Santiam_Santiam","170900"
23780421,"Santiam River","North Santiam_Santiam","170900"
23780423,"Santiam River","North Santiam_Santiam","170900"
23780425,"Santiam River","North Santiam_Santiam","170900"
23780427,"Santiam River","North Santiam Reach A","170900"
23780439,"North Santiam River","North Santiam Reach A","170900"
23780441,"North Santiam River","North Santiam Reach A","170900"
23780443,"North Santiam River","North Santiam Reach A","170900"
23780445,"North Santiam River","North Santiam Reach A","170900"
23780447,"North Santiam River","North Santiam Reach A","170900"
23780449,"North Santiam River","North Santiam Reach A","170900"
23780451,"North Santiam River","North Santiam Reach A","170900"
23780453,"North Santiam River","North Santiam Reach A","170900"
23780455,"North Santiam River","North Santiam Reach A","170900"
23780457,"North Santiam River","North Santiam Reach A","170900"
23780459,"North Santiam River","North Santiam Reach A","170900"
23780461,"North Santiam River","North Santiam Reach A","170900"
23780463,"North Santiam River","North Santiam Reach A","170900"
23780465,"North Santiam River","North Santiam Reach A","170900"
23780467,"North Santiam River","North Santiam Reach A","170900"
23780469,"North Santiam River","North Santiam Reach A","170900"
23780471,"North Santiam River","North Santiam Reach A","170900"
23780473,"North Santiam River","North Santiam Reach A","170900"
23780475,"North Santiam River","North Santiam Reach A","170900"
23780477,"North Santiam River","North Santiam Reach A","170900"
23780479,"North Santiam River","North Santiam Reach B","170900"
23780481,"North Santiam River","North Santiam Reach B","170900"
23780483,"North Santiam River","North Santiam Reach B","170900"
23780485,"North Santiam River","North Santiam Reach B","170900"
23780487,"North Santiam River","North Santiam Reach B","170900"
23780489,"North Santiam River","North Santiam Reach B","170900"
23780491,"North Santiam River","North Santiam Reach B","170900"
23780493,"North Santiam River","North Santiam Reach B","170900"
23780495,"North Santiam River","North Santiam Reach B","170900"
23780497,"North Santiam River","North Santiam Reach B","170900"
23780499,"North Santiam River","North Santiam Reach B","170900"
23780501,"North Santiam River","North Santiam Reach B","170900"
23780503,"North Santiam River","North Santiam Reach F","170900"
23780505,"North Santiam River","North Santiam Reach F","170900"
23780507,"North Santiam River","North Santiam Reach F","170900"
23780509,"North Santiam River","North Santiam Reach F","170900"
23780511,"North Santiam River","North Santiam Reach F","170900"
23780513,"North Santiam River","North Santiam Reach F","170900"
23780515,"North Santiam River","North Santiam Migration","170900"
23780517,"North Santiam River","North Santiam Migration","170900"
23780519,"North Santiam River","North Santiam Migration","170900"
23780521,"North Santiam River","North Santiam Migration","170900"
23780523,"North Santiam River","North Santiam Migration","170900"
23780525,"North Santiam River","North Santiam Migration","170900"
23780527,"North Santiam River","North Santiam Migration","170900"
23780529,"North Santiam River","North Santiam Migration","170900"
23780531,"North Santiam River","North Santiam Migration","170900"
23780571,"North Santiam River","North Santiam Migration","170900"
23780573,"North Santiam River","North Santiam Migration","170900"
23780575,"North Santiam River","North Santiam Migration","170900"
23780577,"North Santiam River","North Santiam Migration","170900"
23780579,"North Santiam River","North Santiam Reach E","170900"
23780581,"North Santiam River","North Santiam Reach E","170900"
23780583,"North Santiam River","North Santiam Reach E","170900"
23780585,"North Santiam River","North Santiam Reach E","170900"
23780587,"North Santiam River","North Santiam Reach E","170900"
23780589,"North Santiam River","North Santiam Reach E","170900"
23780591,"North Santiam River","North Santiam Reach E","170900"
23780593,"North Santiam River","North Santiam Reach E","170900"
23780595,"North Santiam River","North Santiam Reach E","170900"
23780601,"North Santiam River","North Santiam Reach E","170900"
23780603,"North Santiam River","North Santiam Reach E","170900"
23780605,"North Santiam River","North Santiam Reach E","170900"
23780607,"North Santiam River","North Santiam Reach E","170900"
23780609,"North Santiam River","North Santiam Reach E","170900"
23780611,"North Santiam River","North Santiam Reach E","170900"
23780613,"North Santiam River","North Santiam Reach E","170900"
23780615,"North Santiam River","North Santiam Reach E","170900"
23780617,"North Santiam River","North Santiam Reach E","170900"
23780619,"North Santiam River","North Santiam Reach E","170900"
23780621,"North Santiam River","North Santiam Reach E","170900"
23780623,"North Santiam River","North Santiam Reach E","170900"
23780625,"North Santiam River","North Santiam Reach E","170900"
23780627,"North Santiam River","North Santiam Reach E","170900"
23780629,"North Santiam River","North Santiam Reach E","170900"
23780631,"North Santiam River","North Santiam Reach E","170900"
23780633,"North Santiam River","North Santiam Reach E","170900"
23780635,"North Santiam River","North Santiam Reach E","170900"
23780637,"North Santiam River","North Santiam Reach E","170900"
23780639,"North Santiam River","North Santiam Reach E","170900"
23780641,"North Santiam River","North Santiam Reach E","170900"
23780643,"North Santiam River","North Santiam Reach E","170900"
23780645,"North Santiam River","North Santiam Reach E","170900"
23780647,"North Santiam River","North Santiam Reach E","170900"
23780649,"North Santiam River","North Santiam Reach E","170900"
23780651,"North Santiam River","North Santiam Reach E","170900"
23780653,"North Santiam River","North Santiam Reach E","170900"
23780655,"North Santiam River","North Santiam Reach E","170900"
23780657,"North Santiam River","North Santiam Reach E","170900"
23780659,"North Santiam River","North Santiam Reach E","170900"
23780661,"North Santiam River","North Santiam Reach E","170900"
23780695," ","North Santiam Migration","170900"
23780697," ","North Santiam Reach D","170900"
23780699,"Breitenbush River","North Santiam Reach D","170900"
23780701,"Breitenbush River","North Santiam Reach D","170900"
23780703,"Breitenbush River","North Santiam Reach D","170900"
23780705,"Breitenbush River","North Santiam Reach D","170900"
23780707,"Breitenbush River","North Santiam Reach D","170900"
23780709,"Breitenbush River","North Santiam Reach D","170900"
23780711,"Breitenbush River","North Santiam Reach D","170900"
23780713,"Breitenbush River","North Santiam Reach D","170900"
23780715,"Breitenbush River","North Santiam Reach D","170900"
23780717,"Breitenbush River","North Santiam Reach D","170900"
23780719,"Breitenbush River","North Santiam Reach D","170900"
23780721,"Breitenbush River","North Santiam Reach D","170900"
23780723,"Breitenbush River","North Santiam Reach D","170900"
23780725,"Breitenbush River","North Santiam Reach D","170900"
23780727,"Breitenbush River","North Santiam Reach D","170900"
23780729,"Breitenbush River","North Santiam Reach D","170900"
23780731,"Breitenbush River","North Santiam Reach D","170900"
23780751,"North Fork Breitenbush River","North Santiam Reach D","170900"
23780753,"North Fork Breitenbush River","North Santiam Reach D","170900"
23780755,"North Fork Breitenbush River","North Santiam Reach D","170900"
23780757,"North Fork Breitenbush River","North Santiam Reach D","170900"
23780759,"North Fork Breitenbush River","North Santiam Reach D","170900"
23780761,"North Fork Breitenbush River","North Santiam Reach D","170900"
23780763,"North Fork Breitenbush River","North Santiam Reach D","170900"
23780765,"North Fork Breitenbush River","North Santiam Reach D","170900"
23780767,"North Fork Breitenbush River","North Santiam Reach D","170900"
23780769,"North Fork Breitenbush River","North Santiam Reach D","170900"
23780771,"North Fork Breitenbush River","North Santiam Reach D","170900"
23780773,"North Fork Breitenbush River","North Santiam Reach D","170900"
23780775,"North Fork Breitenbush River","North Santiam Reach D","170900"
23780805,"Little North Santiam River","North Santiam Reach C","170900"
23780807,"Little North Santiam River","North Santiam Reach C","170900"
23780809,"Little North Santiam River","North Santiam Reach C","170900"
23780811,"Little North Santiam River","North Santiam Reach C","170900"
23780813,"Little North Santiam River","North Santiam Reach C","170900"
23780815,"Little North Santiam River","North Santiam Reach C","170900"
23780817,"Little North Santiam River","North Santiam Reach C","170900"
23780819,"Little North Santiam River","North Santiam Reach C","170900"
23780821,"Little North Santiam River","North Santiam Reach C","170900"
23780823,"Little North Santiam River","North Santiam Reach C","170900"
23780825,"Little North Santiam River","North Santiam Reach C","170900"
23780827,"Little North Santiam River","North Santiam Reach C","170900"
23780829,"Little North Santiam River","North Santiam Reach C","170900"
23780831,"Little North Santiam River","North Santiam Reach C","170900"
23780833,"Little North Santiam River","North Santiam Reach C","170900"
23780835,"Little North Santiam River","North Santiam Reach C","170900"
23780837,"Little North Santiam River","North Santiam Reach C","170900"
23780839,"Little North Santiam River","North Santiam Reach C","170900"
23780841," ","North Santiam Reach C","170900"
23780843," ","North Santiam Reach C","170900"
23780845,"Little North Santiam River","North Santiam Reach C","170900"
23780847,"Little North Santiam River","North Santiam Reach C","170900"
23780849,"Little North Santiam River","North Santiam Reach C","170900"
23780851,"Little North Santiam River","North Santiam Reach C","170900"
23780853,"Little North Santiam River","North Santiam Reach C","170900"
23780855,"Little North Santiam River","North Santiam Reach C","170900"
23780857,"Little North Santiam River","North Santiam Reach C","170900"
23780859,"Little North Santiam River","North Santiam Reach C","170900"
23780861,"Little North Santiam River","North Santiam Reach C","170900"
23780863,"Little North Santiam River","North Santiam Reach C","170900"
23780865,"Little North Santiam River","North Santiam Reach C","170900"
23780867,"Little North Santiam River","North Santiam Reach C","170900"
23780869,"Little North Santiam River","North Santiam Reach C","170900"
23780871,"Little North Santiam River","North Santiam Reach C","170900"
23780873,"Little North Santiam River","North Santiam Reach C","170900"
23780875,"Little North Santiam River","North Santiam Reach C","170900"
23780877,"North Santiam River","North Santiam Reach A","170900"
23780879,"North Santiam River","North Santiam Reach A","170900"
23780881,"North Santiam River","North Santiam Reach A","170900"
23780883,"North Santiam River","North Santiam Reach A","170900"
23780885,"North Santiam River","North Santiam Reach A","170900"
23780887,"North Santiam River","North Santiam Reach A","170900"
23780889,"North Santiam River","North Santiam Reach A","170900"
23780891,"North Santiam River","North Santiam Reach A","170900"
23780893,"North Santiam River","North Santiam Reach A","170900"
23780895,"North Santiam River","North Santiam Reach A","170900"
23780897,"North Santiam River","North Santiam Reach A","170900"
23781891,"North Santiam River","North Santiam Reach E","170900"
23781893,"North Santiam River","North Santiam Reach E","170900"
23785607,"South Santiam River","South Santiam Reach A","170900"
23785609," ","South Santiam Reach A","170900"
23785611,"South Santiam River","South Santiam Reach A","170900"
23785613,"South Santiam River","South Santiam Reach A","170900"
23785615,"South Santiam River","South Santiam Reach A","170900"
23785617,"South Santiam River","South Santiam Reach A","170900"
23785619,"South Santiam River","South Santiam Reach A","170900"
23785621,"South Santiam River","South Santiam Reach A","170900"
23785623,"South Santiam River","South Santiam Reach A","170900"
23785625,"South Santiam River","South Santiam Reach A","170900"
23785627,"South Santiam River","South Santiam Reach A","170900"
23785643,"South Santiam River","South Santiam Reach B","170900"
23785645,"South Santiam River","South Santiam Reach A","170900"
23785647,"South Santiam River","South Santiam Reach A","170900"
23785649,"South Santiam River","South Santiam Reach A","170900"
23785651,"South Santiam River","South Santiam Reach A","170900"
23785653,"South Santiam River","South Santiam Reach A","170900"
23785655,"South Santiam River","South Santiam Reach A","170900"
23785657,"South Santiam River","South Santiam Reach A","170900"
23785659,"South Santiam River","South Santiam Reach A","170900"
23785661,"South Santiam River","South Santiam Reach A","170900"
23785663,"South Santiam River","South Santiam Reach A","170900"
23785665,"South Santiam River","South Santiam Reach A","170900"
23785667,"South Santiam River","South Santiam Reach A","170900"
23785669,"South Santiam River","South Santiam Reach A","170900"
23785671,"South Santiam River","South Santiam Reach A","170900"
23785673,"South Santiam River","South Santiam Reach A","170900"
23785675,"South Santiam River","South Santiam Reach A","170900"
23785677,"South Santiam River","South Santiam Reach A","170900"
23785679,"South Santiam River","South Santiam Reach A","170900"
23785681,"South Santiam River","South Santiam Reach A","170900"
23785683,"South Santiam River","South Santiam Reach C","170900"
23785685,"South Santiam River","South Santiam Reach C","170900"
23785687,"South Santiam River","South Santiam Reach C","170900"
23785689,"South Santiam River","South Santiam Reach C","170900"
23785691,"South Santiam River","South Santiam Reach C","170900"
23785693,"South Santiam River","South Santiam Reach C","170900"
23785695,"South Santiam River","South Santiam Reach C","170900"
23785697,"South Santiam River","South Santiam Reach C","170900"
23785699,"South Santiam River","South Santiam Reach C","170900"
23785701,"South Santiam River","South Santiam Reach C","170900"
23785703,"South Santiam River","South Santiam Reach C","170900"
23785705,"South Santiam River","South Santiam Reach C","170900"
23785707,"South Santiam River","South Santiam Reach C","170900"
23785709,"South Santiam River","South Santiam Reach C","170900"
23785711,"South Santiam River","South Santiam Reach C","170900"
23785713,"South Santiam River","South Santiam Reach C","170900"
23785715,"South Santiam River","South Santiam Reach C","170900"
23785717,"South Santiam River","South Santiam Reach C","170900"
23785719,"South Santiam River","South Santiam Reach C","170900"
23785721,"Wiley Creek","South Santiam Reach D","170900"
23785723,"Wiley Creek","South Santiam Reach D","170900"
23785725,"Wiley Creek","South Santiam Reach D","170900"
23785727,"Wiley Creek","South Santiam Reach D","170900"
23785729,"Wiley Creek","South Santiam Reach D","170900"
23785731,"Wiley Creek","South Santiam Reach D","170900"
23785733,"Wiley Creek","South Santiam Reach D","170900"
23785735,"Wiley Creek","South Santiam Reach D","170900"
23785737,"Wiley Creek","South Santiam Reach D","170900"
23785739,"Wiley Creek","South Santiam Reach D","170900"
23785741,"Wiley Creek","South Santiam Reach D","170900"
23785743,"Wiley Creek","South Santiam Reach D","170900"
23785745,"Wiley Creek","South Santiam Reach D","170900"
23785747,"Wiley Creek","South Santiam Reach D","170900"
23785749,"Wiley Creek","South Santiam Reach D","170900"
23785751,"Wiley Creek","South Santiam Reach D","170900"
23785767,"South Santiam River","South Santiam Reach C","170900"
23785769,"South Santiam River","South Santiam Migration","170900"
23785771,"South Santiam River","South Santiam Migration","170900"
23785773,"South Santiam River","South Santiam Migration","170900"
23785775,"South Santiam River","South Santiam Migration","170900"
23785777,"South Santiam River","South Santiam Reach E","170900"
23785779,"South Santiam River","South Santiam Reach E","170900"
23785781,"South Santiam River","South Santiam Reach E","170900"
23785783,"South Santiam River","South Santiam Reach E","170900"
23785785,"South Santiam River","South Santiam Reach E","170900"
23785787,"South Santiam River","South Santiam Reach E","170900"
23785789,"South Santiam River","South Santiam Reach E","170900"
23785791,"South Santiam River","South Santiam Reach E","170900"
23785793,"South Santiam River","South Santiam Reach E","170900"
23785795,"South Santiam River","South Santiam Reach E","170900"
23785797,"South Santiam River","South Santiam Reach E","170900"
23785799,"South Santiam River","South Santiam Reach E","170900"
23785801,"South Santiam River","South Santiam Reach E",NA
23785803,"South Santiam River","South Santiam Reach E","170900"
23785805,"South Santiam River","South Santiam Reach E","170900"
23785807,"South Santiam River","South Santiam Reach E","170900"
23785827,"South Santiam River","South Santiam Reach E","170900"
23785829,"South Santiam River","South Santiam Reach E","170900"
23785831,"South Santiam River","South Santiam Reach E","170900"
23785833,"South Santiam River","South Santiam Reach E","170900"
23785835,"South Santiam River","South Santiam Reach E","170900"
23785837,"South Santiam River","South Santiam Reach E","170900"
23785839,"South Santiam River","South Santiam Reach E","170900"
23785841,"South Santiam River","South Santiam Reach E","170900"
23785843,"South Santiam River","South Santiam Reach E","170900"
23785845,"South Santiam River","South Santiam Reach E","170900"
23785847,"South Santiam River","South Santiam Reach E","170900"
23785849,"South Santiam River","South Santiam Reach E","170900"
23785851,"South Santiam River","South Santiam Reach E","170900"
23785853,"South Santiam River","South Santiam Reach E","170900"
23785855,"South Santiam River","South Santiam Reach E","170900"
23785857,"South Santiam River","South Santiam Reach E","170900"
23785859,"South Santiam River","South Santiam Reach E","170900"
23785861,"Latiwi Creek","South Santiam Reach E","170900"
23785863,"Latiwi Creek","South Santiam Reach E","170900"
23785865,"Latiwi Creek","South Santiam Reach E","170900"
23785867,"Latiwi Creek","South Santiam Reach E","170900"
23785869,"Latiwi Creek","South Santiam Reach E","170900"
23785871,"Latiwi Creek","South Santiam Reach E","170900"
23785913," ","South Santiam Migration","170900"
23785915," ","South Santiam Migration","170900"
23785917," ","South Santiam Migration","170900"
23785919,"Middle Santiam River","South Santiam Migration","170900"
23785921,"Middle Santiam River","South Santiam Migration","170900"
23785923,"Middle Santiam River","South Santiam Migration","170900"
23785925,"Middle Santiam River","South Santiam Migration","170900"
23785927,"Middle Santiam River","South Santiam Migration","170900"
23785929,"Middle Santiam River","South Santiam Migration","170900"
23785931,"Middle Santiam River","South Santiam Migration","170900"
23785933,"Middle Santiam River","South Santiam Migration","170900"
23785935,"Middle Santiam River","South Santiam Migration","170900"
23785937,"Middle Santiam River","South Santiam Migration","170900"
23785939,"Middle Santiam River","South Santiam Migration","170900"
23785941,"Middle Santiam River","South Santiam Migration","170900"
23785943,"Middle Santiam River","South Santiam Migration","170900"
23785945,"Middle Santiam River","South Santiam Reach G","170900"
23785947,"Middle Santiam River","South Santiam Reach G","170900"
23785949,"Middle Santiam River","South Santiam Reach G","170900"
23785951,"Middle Santiam River","South Santiam Reach G","170900"
23785953,"Middle Santiam River","South Santiam Reach G","170900"
23785955,"Middle Santiam River","South Santiam Reach G","170900"
23785957,"Middle Santiam River","South Santiam Reach G","170900"
23785959,"Middle Santiam River","South Santiam Reach G","170900"
23785961,"Middle Santiam River","South Santiam Reach G","170900"
23785963,"Middle Santiam River","South Santiam Reach G","170900"
23785965,"Middle Santiam River","South Santiam Reach G","170900"
23785967,"Middle Santiam River","South Santiam Reach G","170900"
23785969,"Middle Santiam River","South Santiam Reach G","170900"
23785971,"Middle Santiam River","South Santiam Reach G","170900"
23785973,"Middle Santiam River","South Santiam Reach G","170900"
23785975,"Middle Santiam River","South Santiam Reach G","170900"
23785977,"Middle Santiam River","South Santiam Reach G","170900"
23785979,"Middle Santiam River","South Santiam Reach G","170900"
23785981,"Middle Santiam River","South Santiam Reach G","170900"
23785983,"Middle Santiam River","South Santiam Reach G","170900"
23785985,"Middle Santiam River","South Santiam Reach G","170900"
23785987,"Middle Santiam River","South Santiam Reach G","170900"
23785989,"Middle Santiam River","South Santiam Reach G","170900"
23785991,"Middle Santiam River","South Santiam Reach G","170900"
23785993,"Middle Santiam River","South Santiam Reach G","170900"
23785995,"Middle Santiam River","South Santiam Reach G","170900"
23786009,"Quartzville Creek","South Santiam Migration","170900"
23786011,"Quartzville Creek","South Santiam Migration","170900"
23786013,"Quartzville Creek","South Santiam Migration","170900"
23786015,"Quartzville Creek","South Santiam Migration","170900"
23786017,"Quartzville Creek","South Santiam Reach F","170900"
23786019,"Quartzville Creek","South Santiam Reach F","170900"
23786021,"Quartzville Creek","South Santiam Reach F","170900"
23786023,"Quartzville Creek","South Santiam Reach F","170900"
23786025,"Quartzville Creek","South Santiam Reach F","170900"
23786027,"Quartzville Creek","South Santiam Reach F","170900"
23786029,"Quartzville Creek","South Santiam Reach F","170900"
23786031,"Quartzville Creek","South Santiam Reach F","170900"
23786033,"Quartzville Creek","South Santiam Reach F","170900"
23786035,"Quartzville Creek","South Santiam Reach F","170900"
23786037,"Quartzville Creek","South Santiam Reach F","170900"
23786039,"Quartzville Creek","South Santiam Reach F","170900"
23786041,"Quartzville Creek","South Santiam Reach F","170900"
23786043,"Quartzville Creek","South Santiam Reach F","170900"
23786045,"Quartzville Creek","South Santiam Reach F","170900"
23786047,"Quartzville Creek","South Santiam Reach F","170900"
23786049,"Quartzville Creek","South Santiam Reach F","170900"
23786051,"Quartzville Creek","South Santiam Reach F","170900"
23786053,"Quartzville Creek","South Santiam Reach F","170900"
23786055,"Quartzville Creek","South Santiam Reach F","170900"
23786057,"Quartzville Creek","South Santiam Reach F","170900"
23786059,"Quartzville Creek","South Santiam Reach F","170900"
23786061,"Quartzville Creek","South Santiam Reach F","170900"
23786063,"Quartzville Creek","South Santiam Reach F","170900"
23786065,"Quartzville Creek","South Santiam Reach F","170900"
23786067,"Quartzville Creek","South Santiam Reach F","170900"
23786069,"Quartzville Creek","South Santiam Reach F","170900"
23786133,"Crabtree Creek","South Santiam Reach A","170900"
23786135,"Crabtree Creek","South Santiam Reach A","170900"
23786137,"Crabtree Creek","South Santiam Reach B","170900"
23786139,"Crabtree Creek","South Santiam Reach B","170900"
23786141,"Crabtree Creek","South Santiam Reach B","170900"
23786173,"Crabtree Creek","South Santiam Reach B","170900"
23786175,"Crabtree Creek","South Santiam Reach B","170900"
23786177,"Crabtree Creek","South Santiam Reach B","170900"
23786179,"Crabtree Creek","South Santiam Reach B","170900"
23786181,"Crabtree Creek","South Santiam Reach B","170900"
23786183,"Crabtree Creek","South Santiam Reach B","170900"
23786185,"Crabtree Creek","South Santiam Reach B","170900"
23786187,"Crabtree Creek","South Santiam Reach B","170900"
23786189,"Crabtree Creek","South Santiam Reach B","170900"
23786191,"Crabtree Creek","South Santiam Reach B","170900"
23786193,"Crabtree Creek","South Santiam Reach B","170900"
23786195,"Crabtree Creek","South Santiam Reach B","170900"
23786197,"Crabtree Creek","South Santiam Reach B","170900"
23786199,"Crabtree Creek","South Santiam Reach B","170900"
23786203,"Crabtree Creek","South Santiam Reach B","170900"
23786205,"Crabtree Creek","South Santiam Reach B","170900"
23786207,"Crabtree Creek","South Santiam Reach B","170900"
23786209,"Crabtree Creek","South Santiam Reach B","170900"
23786211,"Crabtree Creek","South Santiam Reach B","170900"
23786213,"Crabtree Creek","South Santiam Reach B","170900"
23786215,"Crabtree Creek","South Santiam Reach B","170900"
23786217,"Crabtree Creek","South Santiam Reach B","170900"
23786227,"Thomas Creek","South Santiam Reach B","170900"
23786229,"Thomas Creek","South Santiam Reach B","170900"
23786231,"Thomas Creek","South Santiam Reach B","170900"
23786233,"Thomas Creek","South Santiam Reach B","170900"
23786235,"Thomas Creek","South Santiam Reach B","170900"
23786237,"Thomas Creek","South Santiam Reach B","170900"
23786239,"Thomas Creek","South Santiam Reach B","170900"
23786241,"Thomas Creek","South Santiam Reach B","170900"
23786247,"Thomas Creek","South Santiam Reach B","170900"
23786249,"Thomas Creek","South Santiam Reach B","170900"
23786251,"Thomas Creek","South Santiam Reach B","170900"
23786263,"Thomas Creek","South Santiam Reach B","170900"
23786265,"Thomas Creek","South Santiam Reach B","170900"
23786267,"Thomas Creek","South Santiam Reach B","170900"
23786269,"Thomas Creek","South Santiam Reach B","170900"
23786271,"Thomas Creek","South Santiam Reach B","170900"
23786273,"Thomas Creek","South Santiam Reach B","170900"
23786275,"Thomas Creek","South Santiam Reach B","170900"
23786277,"Thomas Creek","South Santiam Reach B","170900"
23786279,"Thomas Creek","South Santiam Reach B","170900"
23786285,"Thomas Creek","South Santiam Reach B","170900"
23786287,"Thomas Creek","South Santiam Reach B","170900"
23786289,"Thomas Creek","South Santiam Reach B","170900"
23786291,"Thomas Creek","South Santiam Reach B","170900"
23786293,"Thomas Creek","South Santiam Reach B","170900"
23786295,"Thomas Creek","South Santiam Reach B","170900"
23786297,"Thomas Creek","South Santiam Reach B","170900"
23786299,"Thomas Creek","South Santiam Reach B","170900"
23786301,"Thomas Creek","South Santiam Reach B","170900"
23786303,"Thomas Creek","South Santiam Reach B","170900"
23786305,"Thomas Creek","South Santiam Reach B","170900"
23786307,"Thomas Creek","South Santiam Reach B","170900"
23786309,"Thomas Creek","South Santiam Reach B","170900"
23786311,"Thomas Creek","South Santiam Reach B","170900"
23786665," ","South Santiam Reach B","170900"
23787245,"Wiley Creek","South Santiam Reach D","170900"
23787257,"South Santiam River","South Santiam Migration","170900"
23791011,"Willamette River","Mainstem_Falls2Mouth","170900"
23791013,"Willamette River","Mainstem_Falls2Mouth","170900"
23791015,"Willamette River","Mainstem_Falls2Mouth","170900"
23791017,"Willamette River","Mainstem_San2Falls_DS","170900"
23791051,"Willamette River","Mainstem_San2Falls_US","170900"
23791055,"Willamette River","Mainstem_San2Falls_US","170900"
23791071,"Willamette River","Mainstem_San2Falls_US","170900"
23791073,"Willamette River","Mainstem_San2Falls_US","170900"
23791079,"Willamette River","Mainstem_San2Falls_US","170900"
23791081,"Willamette River","Mainstem_San2Falls_US","170900"
23791083,"Willamette River","Mainstem_San2Falls_US","170900"
23791085,"Willamette River","Mainstem_San2Falls_US","170900"
23791087,"Willamette River","Mainstem_San2Falls_US","170900"
23791089,"Willamette River","Mainstem_San2Falls_US","170900"
23791091,"Willamette River","Mainstem_San2Falls_US","170900"
23791093,"Willamette River","Mainstem_San2Falls_US","170900"
23791153,"Willamette River","Mainstem_San2Falls_US","170900"
23791155,"Willamette River","Mainstem_San2Falls_US","170900"
23791157,"Willamette River","Mainstem_San2Falls_US","170900"
23791271,"Willamette River","Mainstem_San2Falls_DS","170900"
23791273,"Willamette River","Mainstem_San2Falls_DS","170900"
23791275,"Willamette River","Mainstem_San2Falls_DS","170900"
23791277,"Willamette River","Mainstem_San2Falls_DS","170900"
23791279,"Willamette River","Mainstem_San2Falls_DS","170900"
23791281,"Willamette River","Mainstem_San2Falls_DS","170900"
23791283,"Willamette River","Mainstem_San2Falls_DS","170900"
23791285,"Willamette River","Mainstem_San2Falls_DS","170900"
23791287,"Willamette River","Mainstem_San2Falls_DS","170900"
23791289,"Willamette River","Mainstem_San2Falls_DS","170900"
23791291,"Willamette River","Mainstem_San2Falls_DS","170900"
23791293,"Willamette River","Mainstem_San2Falls_DS","170900"
23791295,"Willamette River","Mainstem_San2Falls_DS","170900"
23791297,"Willamette River","Mainstem_San2Falls_DS","170900"
23791299,"Willamette River","Mainstem_San2Falls_DS","170900"
23791301,"Willamette River","Mainstem_San2Falls_DS","170900"
23791303,"Willamette River","Mainstem_San2Falls_DS","170900"
23791305,"Willamette River","Mainstem_San2Falls_DS","170900"
23791307,"Willamette River","Mainstem_San2Falls_US","170900"
23791309,"Willamette River","Mainstem_San2Falls_US","170900"
23791311,"Willamette River","Mainstem_San2Falls_US","170900"
23791315,"Willamette River","Mainstem_San2Falls_US","170900"
23791317,"Willamette River","Mainstem_San2Falls_US","170900"
23791319,"Willamette River","Mainstem_San2Falls_US","170900"
23791321,"Willamette River","Mainstem_San2Falls_US","170900"
23791323,"Willamette River","Mainstem_San2Falls_US","170900"
23791325,"Willamette River","Mainstem_San2Falls_US","170900"
23791327,"Willamette River","Mainstem_San2Falls_US","170900"
23791329,"Willamette River","Mainstem_San2Falls_US","170900"
23791331,"Willamette River","Mainstem_San2Falls_US","170900"
23791363,"Willamette River","Mainstem_San2Falls_US","170900"
23791365,"Willamette River","Mainstem_San2Falls_US","170900"
23791367,"Willamette River","Mainstem_San2Falls_US","170900"
23791369,"Willamette River","Mainstem_San2Falls_US","170900"
23791371,"Willamette River","Mainstem_San2Falls_US","170900"
23791373,"Willamette River","Mainstem_San2Falls_US","170900"
23791375,"Willamette River","Mainstem_San2Falls_US","170900"
23791377,"Willamette River","Mainstem_San2Falls_US","170900"
23791379,"Willamette River","Mainstem_San2Falls_US","170900"
23791381,"Willamette River","Mainstem_San2Falls_US","170900"
23791383,"Willamette River","Mainstem_San2Falls_US","170900"
23791385,"Willamette River","Mainstem_San2Falls_US","170900"
23791387,"Willamette River","Mainstem_San2Falls_US","170900"
23791389,"Willamette River","Mainstem_San2Falls_US","170900"
23791391,"Willamette River","Mainstem_San2Falls_DS","170900"
23791393,"Willamette River","Mainstem_San2Falls_DS","170900"
23791395,"Willamette River","Mainstem_San2Falls_DS","170900"
23791397,"Willamette River","Mainstem_San2Falls_DS","170900"
23791399,"Willamette River","Mainstem_San2Falls_DS","170900"
23791401,"Willamette River","Mainstem_San2Falls_DS","170900"
23791403,"Willamette River","Mainstem_San2Falls_DS","170900"
23791405,"Willamette River","Mainstem_San2Falls_DS","170900"
23791407,"Willamette River","Mainstem_San2Falls_DS","170900"
23791409,"Willamette River","Mainstem_San2Falls_DS","170900"
23791411,"Willamette River","Mainstem_San2Falls_DS","170900"
23791413,"Willamette River","Mainstem_San2Falls_DS","170900"
23791991,"Willamette River","Mainstem_San2Falls_US","170900"
23791995,"Willamette River","Mainstem_San2Falls_US","170900"
23792391,"Willamette River","Mainstem_San2Falls_US","170900"
23792551,"Willamette River","Mainstem_San2Falls_US","170900"
23792573,"Willamette River","Mainstem_San2Falls_US","170900"
23792799,"Willamette River","Mainstem_San2Falls_US","170900"
23792801,"Willamette River","Mainstem_San2Falls_US","170900"
23814908,"Willamette River","Mainstem_Falls2Mouth","170900"
23814910,"Willamette River","Mainstem_Falls2Mouth","170900"
23815038,"Willamette River","Mainstem_Falls2Mouth","170900"
23815040,"Willamette River","Mainstem_Falls2Mouth","170900"
23815042,"Willamette River","Mainstem_Falls2Mouth","170900"
23815044,"Willamette River","Mainstem_Falls2Mouth","170900"
23815046,"Willamette River","Mainstem_Falls2Mouth","170900"
23815048,"Willamette River","Mainstem_Falls2Mouth","170900"
23815050,"Willamette River","Mainstem_Falls2Mouth","170900"
23815052,"Willamette River","Mainstem_Falls2Mouth","170900"
23815054,"Willamette River","Mainstem_Falls2Mouth","170900"
23815056,"Willamette River","Mainstem_Falls2Mouth","170900"
23815058,"Willamette River","Mainstem_Falls2Mouth","170900"
25018629,"Middle Fork Willamette River","Middle Fork Reach A","170900"
25018631,"Middle Fork Willamette River","Middle Fork Reach A",NA
25019060," ","McKenzie Reach C","170900"
25019074,"South Fork McKenzie River","McKenzie Reach C",NA
25019080," ","McKenzie Reach C",NA
137182882,"Willamette River","Mainstem_San2Falls_US","170900"
947090051,"North Fork Middle Fork Willamette River","Middle Fork Reach D","170900"
947090052,"North Fork Middle Fork Willamette River","Middle Fork Reach D","170900"
947090069,"McKenzie River","McKenzie Reach A","170900"
947090070,"McKenzie River","McKenzie Reach A","170900"
947090073," ","McKenzie Reach B","170900"
947090074," ","McKenzie Reach B","170900"
947090075,"Willamette River","Mainstem_San2Falls_US","170900"
947090076,"Willamette River","Mainstem_San2Falls_US","170900"
947090077,"Willamette River","Mainstem_San2Falls_US","170900"
947090078,"Willamette River","Mainstem_San2Falls_US","170900"
